date,open,high,low,close,volume,MACD,RSI
2018-08-16,283.400,285.040,283.360,284.080,69968919,1.487,57.555
2018-08-17,283.830,285.560,283.370,285.020,66354435,1.529,59.780
2018-08-20,285.570,285.970,285.060,285.680,39817739,1.597,61.314
2018-08-21,286.250,287.310,285.714,286.270,67271983,1.679,62.684
2018-08-22,285.880,286.760,285.575,286.210,44993333,1.720,62.442
2018-08-23,285.970,286.940,285.430,285.790,49218851,1.698,60.675
2018-08-24,286.440,287.670,286.380,287.520,57487399,1.800,65.061
2018-08-27,288.860,289.900,288.680,289.730,57714809,2.036,69.708
2018-08-28,290.300,290.418,289.400,289.839,47215226,2.206,69.922
2018-08-29,290.160,291.740,289.885,291.450,62288529,2.442,72.942
2018-08-30,290.940,291.360,289.630,290.320,61744506,2.510,67.798
2018-08-31,289.840,290.810,289.290,290.270,66796394,2.530,67.571
2018-09-04,289.840,290.210,288.680,289.840,57816442,2.483,65.538
2018-09-05,289.410,289.640,287.890,289.070,72545437,2.356,61.943
2018-09-06,289.150,289.490,287.000,288.160,65984976,2.157,57.902
2018-09-07,286.980,288.700,286.710,287.530,73632624,1.927,55.216
2018-09-10,288.740,289.040,287.880,288.090,50712904,1.769,57.120
2018-09-11,287.370,289.550,286.975,289.130,50552311,1.708,60.481
2018-09-12,289.060,289.800,288.230,289.180,60051008,1.645,60.640
2018-09-13,290.320,291.038,289.995,290.800,51582525,1.706,65.504
2018-09-14,291.060,291.270,290.000,290.920,55532434,1.743,65.841
2018-09-17,290.820,290.860,289.030,289.400,69902080,1.632,58.104
2018-09-18,289.580,291.580,289.550,290.920,62033460,1.647,62.810
2018-09-19,290.980,291.690,290.825,291.250,49100576,1.667,63.762
2018-09-20,292.640,293.940,291.236,293.530,101956446,1.845,69.559
2018-09-21,293.090,293.220,291.810,292.040,107509570,1.845,62.520
2018-09-24,291.410,291.500,290.370,291.080,54024894,1.747,58.419
2018-09-25,291.530,291.650,290.483,290.700,44471638,1.620,56.829
2018-09-26,290.910,292.240,289.410,289.805,79789674,1.431,53.161
2018-09-27,290.410,291.910,290.100,290.680,59472319,1.336,56.142
2018-09-28,289.990,291.280,289.950,290.570,70091460,1.238,55.662
2018-10-01,292.110,292.930,290.980,291.700,62578937,1.237,59.490
2018-10-02,291.560,292.355,291.140,291.610,47288227,1.215,59.053
2018-10-03,292.740,293.210,291.320,291.760,64695630,1.196,59.586
2018-10-04,291.180,291.240,287.660,289.530,112856465,0.989,49.306
2018-10-05,289.690,290.270,286.220,287.810,106032068,0.679,43.126
2018-10-08,287.050,288.220,285.500,287.800,87853812,0.427,43.092
2018-10-09,287.390,288.860,286.770,287.480,74389172,0.200,41.958
2018-10-10,286.830,286.910,277.880,278.270,215567771,-0.715,23.110
2018-10-11,277.080,278.900,270.360,272.540,275225580,-1.881,17.764
2018-10-12,276.770,277.090,272.370,276.010,186452035,-2.497,28.545
2018-10-15,275.550,277.040,274.300,274.490,104132367,-3.072,26.882
2018-10-16,276.600,280.820,276.070,280.240,119803983,-3.028,40.904
2018-10-17,280.440,281.150,277.560,280.420,110755987,-2.945,41.283
2018-10-18,279.400,280.070,274.970,276.390,135603525,-3.169,35.747
2018-10-19,277.130,279.300,275.470,276.180,139970953,-3.324,35.480
2018-10-22,277.000,277.360,274.410,275.030,82625903,-3.500,33.983
2018-10-23,270.950,274.870,268.610,273.520,146954204,-3.718,32.070
2018-10-24,273.330,273.760,264.700,265.210,178147537,-4.509,24.046
2018-10-25,267.380,271.810,266.230,270.010,138601053,-4.695,34.275
2018-10-26,265.890,271.000,262.290,265.220,202113826,-5.169,29.942
2018-10-29,268.800,270.250,259.850,263.690,162601353,-5.604,28.694
2018-10-30,263.670,268.120,263.120,267.880,157308558,-5.546,36.499
2018-10-31,270.650,273.230,270.120,270.690,128348386,-5.214,41.152
2018-11-01,271.600,273.730,270.380,273.370,100335042,-4.680,45.270
2018-11-02,274.750,275.230,269.590,271.800,122920549,-4.334,43.356
2018-11-05,272.450,274.010,271.350,273.470,66034982,-3.880,45.973
2018-11-06,273.320,275.300,273.250,275.110,60140604,-3.349,48.490
2018-11-07,277.560,281.100,277.080,281.000,103084708,-2.426,56.354
2018-11-08,280.110,281.220,279.220,280.480,66734990,-1.716,55.548
2018-11-09,279.030,279.240,276.180,277.820,100098611,-1.352,51.489
2018-11-12,277.190,277.460,271.990,272.479,99833427,-1.478,44.465
2018-11-13,273.070,275.325,271.250,272.040,98239663,-1.595,43.934
2018-11-14,274.160,274.610,268.450,270.150,128450670,-1.819,41.631
2018-11-15,268.780,273.540,267.010,273.010,135133581,-1.745,46.225
2018-11-16,271.790,274.750,271.210,273.730,127441298,-1.611,47.348
2018-11-19,273.050,273.380,266.748,269.120,103083870,-1.854,41.386
2018-11-20,265.360,267.000,263.150,264.150,136914701,-2.421,36.108
2018-11-21,265.860,267.150,265.010,265.030,76677771,-2.767,37.625
2018-11-23,263.180,264.823,263.070,263.320,42908328,-3.143,35.844
2018-11-26,265.800,267.750,265.340,267.430,80742820,-3.073,42.846
2018-11-27,266.340,268.400,265.660,268.290,75741934,-2.916,44.218
2018-11-28,269.600,274.580,268.327,274.360,128101193,-2.275,52.826
2018-11-29,273.710,275.550,272.430,273.950,82346420,-1.779,52.240
2018-11-30,273.810,276.280,273.450,275.685,101367341,-1.232,54.539
2018-12-03,280.300,280.400,277.505,279.260,103231585,-0.505,58.928
2018-12-04,278.370,278.850,269.900,270.390,179660780,-0.636,46.845
2018-12-06,265.920,269.970,262.440,269.770,204567976,-0.782,46.133
2018-12-07,269.460,271.220,262.630,263.660,161718941,-1.374,39.725
2018-12-10,263.370,265.161,258.620,264.070,152507367,-1.790,40.324
2018-12-11,267.660,267.870,262.480,264.110,121508867,-2.092,40.386
2018-12-12,267.470,269.000,265.370,265.530,98227166,-2.192,42.672
2018-12-13,266.520,267.490,264.120,265.380,96733807,-2.257,42.487
2018-12-14,262.960,264.030,259.850,260.570,116961186,-2.666,36.945
2018-12-17,259.400,260.650,253.525,255.170,165634258,-3.386,31.912
2018-12-18,257.200,257.950,253.280,255.110,134860263,-3.917,31.860
2018-12-19,255.170,259.400,249.350,251.040,215320074,-4.613,28.475
2018-12-20,249.880,251.620,244.650,247.110,252623962,-5.419,25.642
2018-12-21,246.740,249.710,239.980,240.610,257272690,-6.508,21.782
2018-12-24,239.040,240.835,234.270,234.370,149471881,-7.784,18.849
2018-12-26,235.970,246.180,233.760,245.910,218764506,-7.775,36.011
2018-12-27,242.560,248.290,238.960,248.210,186840488,-7.496,38.790
2018-12-28,249.580,251.400,246.450,247.730,153196365,-7.230,38.415
2018-12-31,249.540,250.190,247.470,250.080,144520520,-6.751,41.401
2019-01-02,245.980,251.210,245.950,250.230,131471311,-6.288,41.596
2019-01-03,248.230,248.570,243.670,244.150,146803492,-6.338,36.328
2019-01-04,247.590,253.110,247.170,252.390,142920211,-5.648,46.261
2019-01-07,252.700,255.950,251.690,254.290,103705813,-4.891,48.265
2019-01-08,256.820,257.310,254.000,256.620,103267687,-4.056,50.693
2019-01-09,257.560,258.910,256.190,257.920,95741225,-3.253,52.046
2019-01-10,256.260,259.160,255.500,258.980,98012473,-2.501,53.174
2019-01-11,257.680,259.010,257.030,258.810,74684741,-1.898,52.959
2019-01-14,256.860,258.300,256.410,257.350,70915769,-1.520,51.048
2019-01-15,257.820,260.700,257.810,260.230,86277271,-0.976,54.532
2019-01-16,260.830,261.967,260.600,260.960,78248660,-0.481,55.399
2019-01-17,260.010,263.920,259.960,263.000,97070635,0.075,57.818
2019-01-18,264.980,266.980,262.998,266.420,134126668,0.782,61.580
2019-01-22,264.820,265.060,261.060,262.940,115586308,1.050,56.097
2019-01-23,264.010,264.790,260.660,263.350,86936387,1.281,56.588
2019-01-24,263.210,264.200,262.080,263.600,59210139,1.467,56.904
2019-01-25,265.610,266.700,263.659,265.780,97543258,1.770,59.662
2019-01-28,263.400,263.830,261.790,263.780,85973985,1.827,56.114
2019-01-29,263.920,264.550,262.480,263.520,66960738,1.831,55.650
2019-01-30,265.100,268.520,264.250,267.440,92630929,2.126,60.894
2019-01-31,267.490,270.470,267.270,269.810,105452073,2.521,63.689
2019-02-01,270.150,271.200,269.180,270.080,85889694,2.824,64.005
2019-02-04,270.110,272.030,269.360,272.010,60870569,3.183,66.263
2019-02-05,272.450,273.440,271.880,273.160,79782774,3.520,67.568
2019-02-06,272.790,273.340,271.920,272.830,58351791,3.717,66.770
2019-02-07,270.930,271.550,268.290,270.170,95683847,3.617,60.558
2019-02-08,268.750,270.580,267.830,270.540,75788961,3.527,61.100
2019-02-11,271.200,271.490,270.030,270.690,68571423,3.429,61.332
2019-02-12,272.420,274.520,272.340,274.060,72321273,3.581,66.209
2019-02-13,275.030,275.930,274.560,274.950,65277205,3.731,67.379
2019-02-14,273.780,275.640,272.870,274.460,83234536,3.766,66.023
2019-02-15,276.360,277.410,276.130,277.380,97159249,3.984,69.908
2019-02-19,276.480,278.580,276.470,277.880,59170079,4.149,70.530
2019-02-20,277.810,278.920,277.250,278.430,76668590,4.275,71.233
2019-02-21,277.700,278.100,276.345,277.460,64314727,4.248,68.143
2019-02-22,278.110,279.360,277.403,279.160,79079013,4.314,70.554
2019-02-25,280.730,281.310,279.430,279.590,70540699,4.350,71.149
2019-02-26,279.130,280.300,278.900,279.340,57250216,4.310,70.260
2019-02-27,278.520,279.590,277.480,279.180,56936701,4.216,69.661
2019-02-28,278.960,279.450,278.320,278.650,69381479,4.052,67.602
2019-03-01,280.440,280.880,278.820,280.410,79633648,4.018,70.698
2019-03-04,281.600,281.870,276.840,279.380,106736618,3.863,66.682
2019-03-05,279.540,279.760,278.410,279.060,59526170,3.672,65.438
2019-03-06,279.150,279.160,276.970,277.340,75039771,3.344,59.062
2019-03-07,276.830,276.990,274.070,275.130,95645689,2.872,52.044
2019-03-08,272.940,274.650,272.420,274.490,86406229,2.419,50.185
2019-03-11,275.260,278.620,275.230,278.480,65294048,2.354,59.823
2019-03-12,279.060,280.070,278.850,279.440,79864066,2.353,61.741
2019-03-13,280.480,283.305,280.300,281.330,81854673,2.477,65.258
2019-03-14,281.380,281.840,280.666,281.200,69842399,2.535,64.816
2019-03-15,280.540,282.210,280.330,281.340,82619175,2.562,65.090
2019-03-18,281.550,282.660,281.300,282.420,62200340,2.641,67.210
2019-03-19,283.510,284.360,281.410,282.510,90424199,2.680,67.388
2019-03-20,282.160,283.500,280.320,281.500,84609331,2.599,63.245
2019-03-21,280.640,285.180,280.590,284.580,79704575,2.752,69.419
2019-03-22,283.220,283.803,279.180,279.340,124865796,2.422,53.082
2019-03-25,278.880,280.185,277.640,279.000,86084313,2.109,52.223
2019-03-26,280.990,282.180,279.560,281.040,68192367,2.003,56.745
2019-03-27,281.110,281.760,277.930,279.550,72224722,1.778,52.813
2019-03-28,280.350,281.210,279.070,280.710,56284545,1.673,55.404
2019-03-29,282.390,282.840,281.140,282.450,82240806,1.712,59.037
2019-04-01,284.710,286.160,284.400,285.740,77674119,1.984,64.865
2019-04-02,286.040,286.230,285.090,285.990,40120818,2.196,65.269
2019-04-03,287.320,287.760,285.750,286.450,68662608,2.373,66.044
2019-04-04,286.780,287.459,286.010,287.180,50017519,2.543,67.290
2019-04-05,287.920,288.630,287.600,288.520,59131873,2.754,69.503
2019-04-08,288.100,288.910,287.370,288.800,53726460,2.910,69.961
2019-04-09,287.720,288.080,286.700,287.330,66455332,2.882,64.493
2019-04-10,287.770,288.390,287.310,288.290,52754039,2.904,66.343
2019-04-11,288.830,288.840,287.578,288.230,55098100,2.883,66.111
2019-04-12,290.000,290.470,288.261,290.130,69835782,2.985,69.720
2019-04-15,290.240,290.350,289.075,289.980,50222730,3.020,69.094
2019-04-16,290.940,291.010,289.500,290.171,52154597,3.027,69.469
2019-04-17,291.400,291.425,288.990,289.470,58268470,2.943,66.287
2019-04-18,290.100,290.320,288.660,289.990,69414428,2.885,67.478
2019-04-22,289.170,290.435,289.070,290.300,40520264,2.831,68.199
2019-04-23,290.680,293.140,290.420,292.890,52411775,2.963,73.489
2019-04-24,292.790,293.160,292.070,292.210,50469550,2.979,70.188
2019-04-25,292.120,292.780,290.730,292.130,57875137,2.951,69.790
2019-04-26,292.100,293.490,291.240,293.410,51449173,2.997,72.474
2019-04-29,293.490,294.450,293.410,293.780,61675682,3.029,73.215
2019-04-30,293.490,294.340,291.920,293.870,81411933,3.027,73.403
2019-05-01,294.720,294.950,291.800,291.820,71921870,2.827,62.645
2019-05-02,291.680,292.700,289.520,291.130,65058183,2.583,59.485
2019-05-03,292.820,294.340,291.300,293.980,56579556,2.589,66.910
2019-05-06,289.250,293.310,288.900,292.830,107250892,2.474,61.974
2019-05-07,290.150,290.810,285.810,288.050,145292657,1.973,46.591
2019-05-08,287.530,289.430,286.870,287.730,91714817,1.533,45.772
2019-05-09,285.230,287.330,283.300,286.670,103471271,1.087,43.071
2019-05-10,285.620,288.940,282.300,288.030,112603342,0.833,47.363
2019-05-13,282.420,283.490,279.930,280.990,127837979,0.063,33.348
2019-05-14,281.990,285.100,281.850,283.380,77106090,-0.351,39.854
2019-05-15,281.590,285.770,281.360,285.150,75152409,-0.529,44.199
2019-05-16,285.840,289.210,285.760,287.680,77186068,-0.461,49.783
2019-05-17,285.140,288.600,285.121,285.940,100853024,-0.542,46.348
2019-05-20,284.060,285.962,283.120,283.960,63153446,-0.757,42.734
2019-05-21,285.830,286.930,285.550,286.480,47390688,-0.715,48.263
2019-05-22,285.450,286.690,285.100,285.620,49717083,-0.743,46.609
2019-05-23,283.160,283.210,280.570,282.190,99142377,-1.030,40.629
2019-05-24,283.740,284.200,282.090,282.950,57468147,-1.183,42.393
2019-05-28,283.090,284.150,280.130,280.310,70066654,-1.500,38.153
2019-05-29,278.910,279.360,276.710,278.260,105794668,-1.894,35.208
2019-05-30,279.110,280.040,277.805,278.980,63433008,-2.124,37.046
2019-05-31,276.210,277.120,275.240,275.370,87040121,-2.568,32.126
2019-06-03,275.320,276.552,273.090,274.610,96584146,-2.947,31.187
2019-06-04,277.120,280.680,276.620,280.490,77767889,-2.742,44.664
2019-06-05,282.330,282.990,280.320,282.870,71374498,-2.360,49.017
2019-06-06,283.290,285.550,282.570,284.780,69855780,-1.881,52.262
2019-06-07,285.930,288.850,285.740,287.580,74283295,-1.261,56.621
2019-06-10,289.370,290.820,288.873,288.930,60804701,-0.654,58.586
2019-06-11,290.990,291.400,288.180,288.910,58696425,-0.172,58.542
2019-06-12,288.640,289.260,287.815,288.300,47384212,0.159,57.187
2019-06-13,289.400,289.980,288.620,289.580,48958001,0.519,59.315
2019-06-14,289.260,289.930,288.410,289.230,52345601,0.767,58.459
2019-06-17,289.520,290.220,289.180,289.470,39205709,0.971,58.897
2019-06-18,291.380,293.570,290.990,292.320,85469823,1.348,63.781
2019-06-19,292.550,293.650,291.470,293.010,80323977,1.682,64.870
2019-06-20,296.040,296.309,293.125,295.880,117760417,2.154,69.037
2019-06-21,294.130,295.520,293.760,294.000,85099241,2.350,63.706
2019-06-24,294.230,294.580,293.470,293.660,47610730,2.449,62.762
2019-06-25,293.700,293.730,290.640,290.780,82344336,2.269,55.288
2019-06-26,291.750,292.310,290.345,290.510,52064906,2.080,54.632
2019-06-27,291.310,292.060,290.890,291.520,40484164,1.990,56.704
2019-06-28,292.580,293.550,292.010,293.100,59508955,2.022,59.797
2019-07-01,296.680,296.920,294.330,295.580,79264778,2.222,64.129
2019-07-02,295.610,296.490,291.210,296.440,62924305,2.422,65.516
2019-07-03,297.180,298.820,297.020,298.800,40929346,2.739,69.054
2019-07-05,297.450,298.640,296.010,298.270,51977326,2.915,67.382
2019-07-08,297.010,298.258,296.220,296.860,45961732,2.906,63.011
2019-07-09,295.540,297.520,295.480,297.230,41504115,2.896,63.677
2019-07-10,298.370,299.660,297.780,298.610,59008229,2.965,66.126
2019-07-11,299.320,299.580,298.200,299.320,50935140,3.042,67.346
2019-07-12,299.850,300.730,299.510,300.650,40511434,3.174,69.558
2019-07-15,301.130,301.130,300.190,300.840,33992129,3.256,69.872
2019-07-16,300.660,300.880,299.440,299.780,40807546,3.199,65.795
2019-07-17,299.750,299.930,297.740,297.780,44343835,2.958,58.822
2019-07-18,297.190,299.250,296.700,298.870,53567032,2.822,61.233
2019-07-19,300.040,300.070,296.960,297.260,76794138,2.556,56.015
2019-07-22,297.610,298.500,297.040,297.810,45137404,2.361,57.352
2019-07-23,299.150,300.030,298.220,299.980,44935473,2.355,62.231
2019-07-24,299.190,301.440,299.090,301.400,47738870,2.437,65.048
2019-07-25,300.940,301.000,299.110,299.970,55864213,2.359,60.179
2019-07-26,300.760,302.230,300.620,301.960,45430077,2.430,64.196
2019-07-29,301.880,302.010,300.850,301.490,38182966,2.421,62.590
2019-07-30,299.910,301.170,299.490,300.790,46360267,2.330,60.176
2019-07-31,300.990,301.200,295.200,297.400,104971212,1.961,50.099
2019-08-01,297.600,300.870,293.960,295.000,142653060,1.459,44.426
2019-08-02,293.850,294.120,290.900,292.620,118248370,0.859,39.634
2019-08-05,288.090,288.210,281.720,284.050,178747597,-0.305,27.945
2019-08-06,285.910,288.040,284.280,287.730,120763412,-0.919,36.593
2019-08-07,284.400,288.820,282.040,288.160,143723012,-1.356,37.536
2019-08-08,289.620,293.620,289.010,293.590,88075904,-1.249,48.048
2019-08-09,292.580,293.240,289.650,291.600,93729958,-1.311,45.055
2019-08-12,289.960,291.605,287.020,288.070,60895115,-1.625,40.265
2019-08-13,287.740,294.150,287.360,292.420,100693314,-1.506,47.651
2019-08-14,288.070,292.464,283.760,284.020,136293807,-2.066,37.904
2019-08-15,284.880,285.640,282.390,284.650,102128101,-2.430,38.913
2019-08-16,286.480,289.330,284.714,288.810,86075298,-2.356,45.242
2019-08-19,292.190,293.080,291.440,292.320,53733045,-1.992,49.953
2019-08-20,291.770,292.360,289.950,290.020,51652752,-1.867,47.094
2019-08-21,292.480,292.860,291.720,292.410,49948583,-1.557,50.279
2019-08-22,293.230,293.930,290.400,292.330,51739392,-1.303,50.170
2019-08-23,290.920,292.760,283.470,284.880,149408020,-1.683,41.219
2019-08-26,287.270,288.000,285.580,287.950,72674040,-1.717,45.532
2019-08-27,289.540,289.950,286.030,286.700,68307923,-1.824,44.113
2019-08-28,286.140,289.070,285.250,288.840,60200590,-1.716,47.150
2019-08-29,291.720,293.160,290.610,292.580,58018751,-1.313,52.053
2019-08-30,294.220,294.240,291.420,292.453,63024780,-0.993,51.877
2019-09-03,290.570,291.580,289.270,290.750,69233875,-0.867,49.462
2019-09-04,293.140,294.055,292.310,293.970,47160461,-0.501,53.838
2019-09-05,296.790,298.830,294.001,297.750,83356779,0.092,58.393
2019-09-06,298.170,298.760,297.420,298.050,49676444,0.580,58.741
2019-09-09,299.140,299.240,297.160,298.200,51260290,0.968,58.926
2019-09-10,297.360,298.200,295.970,298.090,58147135,1.252,58.718
2019-09-11,298.470,300.340,297.750,300.310,68901166,1.637,61.658
2019-09-12,301.250,302.460,300.410,301.360,73359459,2.004,63.001
2019-09-13,301.780,302.170,300.680,300.990,62363660,2.240,62.175
2019-09-16,299.840,301.138,299.450,300.210,58391175,2.336,60.378
2019-09-17,299.940,301.020,299.750,300.950,42988227,2.444,61.514
2019-09-18,300.490,301.220,298.240,301.100,74332955,2.513,61.754
2019-09-19,301.530,302.630,300.710,301.070,78172860,2.536,61.671
2019-09-20,300.360,300.670,297.410,298.080,100515238,2.286,53.924
2019-09-23,297.550,299.000,297.270,298.300,47541342,2.082,54.378
2019-09-24,299.410,299.840,294.810,295.920,97717924,1.709,48.778
2019-09-25,295.960,298.110,294.330,297.610,73434081,1.532,52.518
2019-09-26,297.630,297.860,295.450,297.000,58758157,1.327,51.068
2019-09-27,297.830,297.947,293.690,295.410,85194715,1.024,47.397
2019-09-30,295.970,297.550,295.920,296.791,52771311,0.885,50.710
2019-10-01,297.740,298.455,293.000,293.320,90160482,0.490,43.322
2019-10-02,291.480,291.510,286.640,288.160,125924074,-0.237,35.128
2019-10-03,287.810,290.450,284.820,290.450,85906608,-0.621,40.506
2019-10-04,291.140,294.630,290.820,294.300,66877330,-0.608,48.271
2019-10-07,293.470,295.260,292.770,293.100,61657344,-0.687,46.245
2019-10-08,291.040,291.850,288.490,288.660,103233039,-1.095,39.619
2019-10-09,290.750,292.300,288.656,291.120,67331098,-1.205,44.375
2019-10-10,291.180,294.210,291.000,293.290,57265975,-1.105,48.247
2019-10-11,296.270,298.740,296.145,296.250,101330616,-0.778,53.048
2019-10-14,295.930,296.670,295.570,296.030,40992668,-0.531,52.657
2019-10-15,297.100,299.700,296.970,298.880,48259856,-0.103,57.071
2019-10-16,298.370,299.160,297.920,298.460,52268387,0.199,56.239
2019-10-17,299.670,300.240,298.515,299.210,47142725,0.494,57.432
2019-10-18,298.690,299.395,296.990,298.090,64538228,0.629,55.019
2019-10-21,299.420,300.210,298.935,300.030,39733263,0.883,58.289
2019-10-22,300.580,300.900,298.910,298.990,49156505,0.989,55.941
2019-10-23,298.730,299.940,298.495,299.830,35235859,1.128,57.432
2019-10-24,300.910,301.070,299.460,300.420,35889568,1.271,58.495
2019-10-25,299.740,302.200,299.681,301.590,45705877,1.462,60.596
2019-10-28,302.940,303.850,302.910,303.340,42168465,1.734,63.566
2019-10-29,303.000,304.230,302.860,303.140,44285021,1.912,62.982
2019-10-30,303.430,304.550,301.990,304.210,49656116,2.115,64.844
2019-10-31,304.120,304.130,301.730,303.330,68989134,2.180,62.078
2019-11-01,304.920,306.190,304.740,306.170,71142015,2.432,66.973
2019-11-04,307.860,308.000,306.960,307.370,60606916,2.698,68.806
2019-11-05,307.590,307.920,306.710,307.040,42955771,2.849,67.694
2019-11-06,307.030,307.400,306.060,307.070,46487108,2.937,67.745
2019-11-07,308.570,309.650,307.660,308.210,54279174,3.064,69.704
2019-11-08,307.800,309.004,307.030,308.930,49068959,3.185,70.906
2019-11-11,307.420,308.940,307.270,308.360,36857409,3.199,68.586
2019-11-12,308.750,309.990,307.700,308.960,46487524,3.221,69.709
2019-11-13,307.910,309.540,307.660,309.150,54813789,3.217,70.074
2019-11-14,308.790,309.640,308.090,309.540,52042374,3.208,70.851
2019-11-15,311.020,311.840,310.260,311.810,63017062,3.346,74.928
2019-11-18,311.530,312.280,311.030,311.980,50249492,3.429,75.207
2019-11-19,312.680,312.690,311.220,311.910,71272497,3.449,74.837
2019-11-20,311.280,311.850,309.060,310.810,79719841,3.338,69.083
2019-11-21,310.890,311.010,309.390,310.300,54689005,3.173,66.529
2019-11-22,311.090,311.240,309.850,311.020,44851102,3.064,68.310
2019-11-25,311.980,313.370,311.980,313.330,48762676,3.129,73.232
2019-11-26,313.410,314.280,313.060,313.990,37977954,3.196,74.453
2019-11-27,314.610,315.480,314.370,315.420,44792579,3.326,76.910
2019-11-29,314.860,315.130,314.060,314.330,37342759,3.304,71.282
2019-12-02,314.590,314.660,311.170,311.660,77202447,3.035,59.748
2019-12-03,308.650,309.640,307.130,309.510,75838267,2.619,52.395
2019-12-04,310.700,312.120,310.320,311.500,48930402,2.422,57.597
2019-12-05,312.230,312.250,310.580,312.090,40781669,2.287,59.026
2019-12-06,314.120,315.310,314.110,314.830,49211000,2.373,64.937
2019-12-09,314.440,315.180,313.800,313.890,34983880,2.339,61.651
2019-12-10,313.820,314.550,312.810,313.580,53338383,2.261,60.563
2019-12-11,314.030,314.700,313.439,314.330,55061928,2.234,62.297
2019-12-12,314.430,317.990,314.170,317.080,97155684,2.406,67.875
2019-12-13,316.870,318.670,316.020,317.290,81547231,2.531,68.261
2019-12-16,319.220,320.150,317.254,319.490,82955814,2.775,72.052
2019-12-17,319.920,320.250,319.480,319.550,61186347,2.940,72.149
2019-12-18,320.000,320.250,319.530,319.560,49623485,3.036,72.167
2019-12-19,319.800,320.980,319.525,320.870,86170213,3.181,74.429
2019-12-20,320.490,321.974,319.387,320.860,155358870,3.258,74.379
2019-12-23,321.590,321.650,321.060,321.270,53424474,3.314,75.113
2019-12-24,321.470,321.520,320.900,321.240,20538059,3.317,74.944
2019-12-26,321.650,322.950,321.640,322.940,31027052,3.418,77.970
2019-12-27,323.740,323.800,322.280,322.850,43669820,3.450,77.437
2019-12-30,322.950,323.100,320.550,321.130,49782805,3.300,67.882
2019-12-31,320.530,322.130,320.150,321.850,57173534,3.201,69.574
2020-01-02,323.540,324.890,322.530,324.870,59253833,3.328,75.424
2020-01-03,321.160,323.640,321.100,322.430,77783121,3.196,64.615
2020-01-06,320.490,323.730,320.360,323.730,55817168,3.159,67.303
2020-01-07,323.020,323.540,322.240,322.740,42874811,3.015,63.355
2020-01-08,322.940,325.780,322.670,324.420,68435753,3.002,66.903
2020-01-09,326.160,326.730,325.520,326.590,48582601,3.131,70.832
2020-01-10,327.290,327.460,325.200,325.640,53057389,3.120,67.078
2020-01-13,326.390,327.960,325.920,327.920,47262010,3.258,71.044
2020-01-14,327.470,328.620,326.844,327.420,62972316,3.289,69.079
2020-01-15,327.350,329.020,327.260,328.160,72070483,3.335,70.385
2020-01-16,329.700,330.920,329.450,330.860,54050528,3.549,74.599
2020-01-17,331.700,332.180,330.790,332.010,97745990,3.767,76.156
2020-01-21,330.900,332.180,330.820,331.290,77742415,3.838,73.134
2020-01-22,332.240,332.950,331.170,331.350,48921729,3.854,73.230
2020-01-23,330.630,332.168,329.410,331.800,51962994,3.859,73.975
2020-01-24,332.440,332.530,327.360,328.760,87579833,3.577,61.508
2020-01-27,323.030,325.120,322.660,323.510,84062588,2.896,46.830
2020-01-28,325.070,327.850,323.604,326.880,63833953,2.598,54.359
2020-01-29,328.380,328.630,326.400,326.620,54040963,2.314,53.727
2020-01-30,324.360,327.910,323.540,327.620,75491906,2.145,55.853
2020-01-31,327.000,327.170,320.730,321.750,113854677,1.520,43.281
2020-02-03,323.350,326.160,323.220,324.120,69242295,1.203,48.337
2020-02-04,328.070,330.010,327.720,329.060,62581990,1.334,56.952
2020-02-05,332.270,333.090,330.670,332.840,65957062,1.723,62.152
2020-02-06,333.910,334.190,332.800,333.930,50359688,2.095,63.521
2020-02-07,332.820,333.994,331.600,332.240,64140507,2.228,59.904
2020-02-10,331.240,334.750,331.190,334.750,42070006,2.507,63.251
2020-02-11,336.160,337.020,334.684,335.270,54864533,2.739,63.923
2020-02-12,336.850,337.650,336.430,337.440,43992662,3.062,66.662
2020-02-13,335.862,338.120,335.560,337.170,54495922,3.259,65.991
2020-02-14,337.510,337.730,336.200,337.600,64582210,3.410,66.568
2020-02-18,336.510,337.668,335.210,336.730,57342526,3.421,64.193
2020-02-19,337.790,339.080,337.480,338.320,48814692,3.517,66.542
2020-02-20,337.742,338.640,333.682,336.990,74170362,3.446,62.829
2020-02-21,335.470,335.810,332.580,333.450,113788208,3.068,54.165
2020-02-24,323.140,333.562,321.240,322.420,161339718,1.858,37.030
2020-02-25,323.940,324.610,311.690,312.590,219005282,0.104,28.406
2020-02-26,314.180,318.110,310.700,311.610,195021130,-1.349,27.713
2020-02-27,305.460,311.564,297.510,297.700,285043552,-3.582,20.186
2020-02-28,288.700,297.892,285.540,296.240,389556413,-5.407,19.584
2020-03-02,298.210,309.160,294.460,308.900,238711615,-5.766,37.085
2020-03-03,309.500,313.840,297.570,300.320,302774450,-6.665,32.002
2020-03-04,306.120,313.100,303.330,313.050,176647833,-6.278,44.218
2020-03-05,304.970,308.470,300.010,302.510,186646891,-6.745,38.113
2020-03-06,293.150,298.780,290.230,297.430,228918131,-7.438,35.564
2020-03-09,275.300,284.190,273.450,276.320,309425747,-9.581,27.372
2020-03-10,284.640,288.520,273.500,288.410,276444058,-10.186,36.407
2020-03-11,280.700,281.940,270.880,274.250,256678789,-11.674,31.469
2020-03-12,256.000,266.660,247.680,255.240,392221671,-14.223,26.310
2020-03-13,263.090,271.475,248.524,270.200,329567333,-14.864,35.299
2020-03-16,241.180,256.900,237.360,241.065,297416055,-17.522,28.108
2020-03-17,245.040,256.170,237.070,254.190,263343391,-18.357,34.574
2020-03-18,236.250,248.370,228.020,235.690,327642361,-20.278,30.421
2020-03-19,239.250,247.380,232.220,240.550,289341493,-21.164,32.708
2020-03-20,242.470,244.470,228.500,229.400,347531123,-22.507,30.251
2020-03-23,228.190,229.683,218.260,222.680,326162824,-23.839,28.845
2020-03-24,234.420,244.100,233.800,242.000,236042267,-23.069,37.797
2020-03-25,244.860,256.350,239.750,246.790,299488281,-21.821,39.819
2020-03-26,249.520,262.800,249.050,260.930,257648210,-19.466,45.455
2020-03-27,253.270,260.810,251.050,254.000,224421276,-17.953,43.314
2020-03-30,255.700,262.430,253.530,261.560,171261866,-15.959,46.286
2020-03-31,260.580,263.330,256.220,257.360,194881352,-14.550,44.878
2020-04-01,247.980,257.659,243.900,246.040,189578743,-14.184,41.238
2020-04-02,245.190,252.680,244.590,251.930,177660430,-13.265,43.793
2020-04-03,250.760,253.320,245.220,247.950,135661262,-12.712,42.450
2020-04-06,257.840,267.000,248.170,264.740,188061815,-10.794,49.488
2020-04-07,274.210,275.030,264.890,265.180,201428461,-9.133,49.661
2020-04-08,267.960,276.000,265.254,274.000,153774487,-7.025,53.141
2020-04-09,277.580,281.200,275.470,278.220,190283195,-4.956,54.752
2020-04-13,277.140,277.510,271.410,275.630,114868253,-3.485,53.535
2020-04-14,280.980,284.900,275.511,283.800,134143470,-1.641,56.797
2020-04-15,277.570,283.941,275.460,277.750,121779042,-0.661,53.786
2020-04-16,279.150,280.030,275.760,278.960,132398585,0.212,54.308
2020-04-17,285.380,287.300,282.400,286.540,146685294,1.498,57.541
2020-04-20,282.610,286.791,281.350,281.760,100109301,2.106,54.903
2020-04-21,276.730,278.040,272.020,273.170,126385698,1.874,50.427
2020-04-22,278.350,281.000,276.910,279.040,93524584,2.139,53.233
2020-04-23,280.490,283.940,278.750,279.010,104753796,2.320,53.216
2020-04-24,280.730,283.700,278.500,282.890,85169903,2.745,55.161
2020-04-27,285.120,288.270,284.620,287.100,78438608,3.382,57.238
2020-04-28,291.020,291.400,285.400,285.690,106308551,3.731,56.297
2020-04-29,291.540,294.880,290.410,293.150,118756595,4.556,60.039
2020-04-30,291.710,293.324,288.590,290.630,123003721,4.950,58.226
2020-05-01,285.310,290.657,281.520,282.830,125180028,4.580,52.899
2020-05-04,280.730,283.900,279.130,283.590,80882213,4.298,53.347
2020-05-05,286.640,289.250,283.713,286.150,79569939,4.233,54.903
2020-05-06,288.050,288.460,283.780,284.340,73632628,3.989,53.543
2020-05-07,287.750,289.780,287.130,287.700,75250412,4.021,55.734
2020-05-08,291.090,292.950,289.860,292.510,76622128,4.383,58.734
2020-05-11,290.340,294.000,289.880,292.620,79515876,4.626,58.803
2020-05-12,293.790,294.240,286.520,286.550,95999786,4.280,53.505
2020-05-13,286.060,287.190,278.965,281.490,144809899,3.556,49.501
2020-05-14,278.950,285.110,272.990,285.040,121978055,3.231,52.203
2020-05-15,282.370,286.330,281.340,286.290,111232676,3.040,53.154
2020-05-18,293.050,296.750,292.700,294.940,120320234,3.545,59.201
2020-05-19,294.350,296.205,291.950,292.210,95189316,3.683,56.713
2020-05-20,295.820,297.870,295.570,297.030,85861691,4.133,59.916
2020-05-21,296.790,297.670,293.689,294.830,78293931,4.264,57.813
2020-05-22,294.570,295.630,293.220,295.480,63958200,4.369,58.279
2020-05-26,301.930,302.190,295.465,299.200,88951583,4.699,60.938
2020-05-27,302.120,303.570,296.870,303.550,104817449,5.250,63.840
2020-05-28,304.650,306.840,302.240,303.070,90767807,5.585,63.281
2020-05-29,302.460,304.960,299.470,304.490,119265702,5.896,64.277
2020-06-01,303.620,306.205,303.060,305.450,56679836,6.149,64.969
2020-06-02,306.550,308.130,305.100,308.080,74267162,6.487,66.863
2020-06-03,310.240,313.220,309.940,312.090,92567574,6.998,69.564
2020-06-04,311.110,313.000,309.080,311.340,75794363,7.259,68.440
2020-06-05,317.230,321.275,317.160,319.400,151025824,8.024,73.411
2020-06-08,320.220,323.410,319.630,323.150,73642282,8.830,75.356
2020-06-09,320.300,323.285,319.360,320.940,77479230,9.185,72.013
2020-06-10,321.420,322.390,318.221,319.030,95001090,9.207,69.157
2020-06-11,311.460,312.150,300.010,300.690,209243560,7.655,49.046
2020-06-12,308.240,309.080,298.600,304.380,194681279,6.647,52.067
2020-06-15,298.020,308.280,296.740,307.110,135789334,5.999,54.228
2020-06-16,315.480,315.640,307.670,312.750,137623502,5.873,58.402
2020-06-17,314.070,314.390,310.860,311.660,83200944,5.620,57.314
2020-06-18,310.005,312.300,309.510,311.760,80828658,5.366,57.393
2020-06-19,314.170,314.380,306.530,308.540,136935124,4.849,53.956
2020-06-22,307.990,311.050,306.750,310.670,74649389,4.559,55.840
2020-06-23,313.490,314.500,311.610,312.000,68471267,4.385,57.022
2020-06-24,309.850,310.510,302.100,304.210,132815122,3.578,48.783
2020-06-25,303.470,307.640,301.280,307.260,89467968,3.148,51.724
2020-06-26,306.160,306.390,299.420,300.090,127963017,2.203,45.160
2020-06-29,301.410,304.610,298.930,304.560,80023261,1.795,49.466
2020-06-30,304.010,310.200,303.820,308.940,113444772,1.803,53.333
2020-07-01,309.540,311.890,309.070,310.570,72474858,1.920,54.721
2020-07-02,314.240,315.700,311.510,312.190,69344217,2.118,56.119
2020-07-06,316.370,317.680,315.560,317.010,61713828,2.634,60.068
2020-07-07,315.380,317.520,313.370,313.770,82909978,2.750,56.394
2020-07-08,314.610,316.300,312.700,316.160,54638669,3.000,58.414
2020-07-09,316.840,317.100,310.680,314.600,83354178,3.037,56.572
2020-07-10,314.310,317.880,312.760,317.640,57550365,3.274,59.268
2020-07-13,320.130,322.710,314.130,314.810,102997484,3.197,55.795
2020-07-14,313.300,319.760,312.000,318.930,93545651,3.428,59.514
2020-07-15,322.410,323.040,319.265,321.980,87194095,3.814,62.060
2020-07-16,319.790,321.280,319.090,320.860,54622520,3.983,60.554
2020-07-17,321.890,322.570,319.735,321.700,64041703,4.138,61.312
2020-07-20,321.430,325.130,320.620,324.270,56308960,4.417,63.616
2020-07-21,326.450,326.930,323.940,324.900,57502967,4.635,64.179
2020-07-22,324.620,327.200,324.500,326.820,57794928,4.906,65.910
2020-07-23,326.470,327.230,321.480,322.950,75737989,4.754,59.651
2020-07-24,320.950,321.990,319.246,320.910,73764897,4.418,56.600
2020-07-27,321.620,323.410,320.775,323.270,48292970,4.293,59.200
2020-07-28,322.430,323.640,320.850,321.300,57494979,3.989,56.175
2020-07-29,322.120,325.730,322.075,325.010,48454159,4.001,60.291
2020-07-30,321.900,324.410,319.640,323.980,61861788,3.883,58.644
2020-07-31,325.900,326.630,321.330,326.400,85211555,3.939,61.317
2020-08-03,328.320,329.620,327.730,328.670,53078112,4.119,63.688
2020-08-04,327.860,330.060,327.860,330.000,41917896,4.319,65.040
2020-08-05,331.470,332.390,331.180,332.030,42870955,4.589,67.056
2020-08-06,331.480,334.460,331.130,334.320,43679448,4.931,69.213
2020-08-07,333.280,334.880,332.300,334.570,57282821,5.162,69.448
2020-08-10,335.060,335.770,332.955,335.560,44268089,5.363,70.412
2020-08-11,336.850,337.540,332.010,332.820,69601087,5.242,64.360
2020-08-12,335.440,338.280,332.838,337.310,53717138,5.445,69.054
2020-08-13,336.610,338.251,335.830,336.810,41816146,5.502,67.980
2020-08-14,336.410,337.420,335.620,336.850,49082893,5.487,68.023
2020-08-17,337.940,338.340,336.852,337.920,35480974,5.498,69.210
2020-08-18,338.340,339.100,336.610,338.595,38729908,5.498,69.967
2020-08-19,339.050,339.610,336.620,337.130,68054355,5.319,66.164
2020-08-20,335.360,338.800,335.220,338.310,42207826,5.212,67.687
2020-08-21,337.920,339.720,337.550,339.450,55106628,5.159,69.133
2020-08-24,342.120,343.000,339.450,342.900,48588662,5.335,73.062
2020-08-25,343.530,344.210,342.270,344.150,38463381,5.511,74.336
2020-08-26,344.760,347.860,344.170,347.610,50790237,5.862,77.509
2020-08-27,348.510,349.900,346.530,348.340,58034142,6.129,78.123
2020-08-28,349.440,350.720,348.150,350.570,47379940,6.446,79.927
2020-08-31,350.350,351.300,349.060,349.821,66099183,6.561,77.611
2020-09-01,350.210,352.710,349.240,352.680,54999325,6.805,79.993
2020-09-02,354.670,358.750,353.430,357.780,69540035,7.325,83.388
2020-09-03,355.870,356.380,342.590,345.530,148057129,6.671,57.951
2020-09-04,346.130,347.830,334.870,342.350,139181102,5.830,53.397
2020-09-08,336.710,342.640,332.880,333.270,114715434,4.380,43.006
2020-09-09,337.550,342.460,336.610,339.770,90967290,3.712,50.441
2020-09-10,341.820,342.530,332.850,334.130,90569586,2.697,44.960
2020-09-11,335.820,336.970,331.000,334.090,84680194,1.868,44.923
2020-09-14,337.490,340.380,334.221,338.440,65605686,1.544,49.798
2020-09-15,341.120,342.020,338.468,340.120,52920862,1.407,51.581
2020-09-16,341.510,343.060,338.520,338.880,82211256,1.184,50.165
2020-09-17,333.560,337.700,332.991,335.870,91523340,0.756,46.806
2020-09-18,335.360,335.490,327.970,330.770,105877942,0.005,41.711
2020-09-21,325.700,327.130,321.730,327.120,99453429,-0.874,38.482
2020-09-22,328.570,330.900,325.860,330.300,63612107,-1.300,42.647
2020-09-23,330.900,331.200,322.100,322.540,93212240,-2.237,36.205
2020-09-24,321.220,326.797,319.800,323.420,76931332,-2.876,37.360
2020-09-25,322.580,329.580,321.640,328.720,71069426,-2.921,43.946
2020-09-28,333.220,334.960,332.150,334.250,64614614,-2.482,49.869
2020-09-29,333.970,334.770,331.621,332.430,51531594,-2.255,48.069
2020-09-30,333.090,338.290,332.880,334.320,104049136,-1.900,50.084
2020-10-01,337.690,338.740,335.010,336.970,88698745,-1.389,52.847
2020-10-02,331.660,337.013,331.190,333.880,89456112,-1.220,49.412
2020-10-05,336.060,339.960,336.010,339.720,45713108,-0.607,55.322
2020-10-06,339.910,342.170,334.380,334.950,90075105,-0.501,50.167
2020-10-07,338.120,341.630,338.090,340.750,56999597,0.051,55.586
2020-10-08,342.850,343.850,341.860,343.650,45242621,0.714,58.043
2020-10-09,345.560,347.350,344.890,346.730,59528606,1.471,60.540
2020-10-12,349.590,354.020,349.060,352.360,80468433,2.496,64.677
2020-10-13,352.280,352.465,349.090,350.170,73255513,3.097,61.956
2020-10-14,350.750,351.930,347.140,347.930,57958749,3.353,59.212
2020-10-15,343.710,348.020,343.130,347.540,60369659,3.484,58.724
2020-10-16,348.960,350.750,347.100,347.320,89501868,3.530,58.431
2020-10-19,348.650,349.330,341.040,342.130,68425614,3.112,51.870
2020-10-20,343.460,346.880,342.640,343.300,60051880,2.842,53.147
2020-10-21,343.330,348.685,342.400,342.650,63574979,2.546,52.317
2020-10-22,342.960,345.240,340.650,344.640,55399392,2.444,54.654
2020-10-23,345.930,345.990,343.130,345.620,49143931,2.415,55.802
2020-10-26,342.130,342.980,335.620,339.410,91473002,1.869,47.578
2020-10-27,339.760,340.120,337.990,338.330,66118632,1.333,46.300
2020-10-28,332.100,338.248,326.130,326.700,127094317,-0.029,35.302
2020-10-29,326.910,333.395,325.090,330.080,90597689,-0.826,39.779
2020-10-30,328.280,329.690,322.600,326.690,120445185,-1.712,37.013
2020-11-02,330.200,332.360,327.240,330.190,86068377,-2.107,41.534
2020-11-03,333.690,338.250,330.293,335.920,93295410,-1.936,48.101
2020-11-04,340.887,347.940,339.590,343.540,230901841,-1.172,55.293
2020-11-05,349.240,352.190,348.860,350.190,82039749,-0.029,60.445
2020-11-06,349.930,351.510,347.650,350.180,74972973,0.866,60.433
2020-11-09,363.970,364.380,354.060,354.620,172304219,1.911,63.674
2020-11-10,353.490,355.180,350.510,354.080,85536272,2.665,62.998
2020-11-11,356.400,357.560,355.060,356.720,58649048,3.436,64.956
2020-11-12,355.580,356.718,351.260,353.340,68118563,3.732,60.539
2020-11-13,355.270,358.900,354.710,358.100,62809429,4.300,64.228
2020-11-16,360.980,362.780,359.590,362.580,74541138,5.054,67.325
2020-11-17,359.970,361.920,358.340,360.820,66102310,5.447,64.946
2020-11-18,360.910,361.500,356.240,356.250,71472686,5.328,59.107
2020-11-19,355.600,358.180,354.150,357.960,59940947,5.310,60.537
2020-11-20,357.500,357.720,355.250,355.350,70337640,5.028,57.247
2020-11-23,357.280,358.820,354.865,357.530,63151418,4.923,59.239
2020-11-24,360.210,363.810,359.290,363.140,62415677,5.232,63.902
2020-11-25,363.130,363.160,361.480,362.490,45323788,5.363,63.003
2020-11-27,363.840,364.180,362.580,363.710,28514072,5.502,64.026
2020-11-30,362.830,363.120,359.170,362.210,83872709,5.428,61.764
2020-12-01,365.570,367.680,364.930,365.840,74504970,5.598,64.988
2020-12-02,364.820,366.960,364.200,366.820,45977000,5.746,65.825
2020-12-03,366.680,368.190,365.500,366.670,62871998,5.784,65.567
2020-12-04,367.320,369.850,367.220,369.780,50479859,5.996,68.343
2020-12-07,369.020,369.620,367.720,369.160,48944269,6.045,67.180
2020-12-08,367.720,370.780,367.670,370.190,42458884,6.096,68.150
2020-12-09,370.880,371.050,365.950,366.770,74098312,5.794,61.638
2020-12-10,365.370,367.860,364.430,366.870,57735361,5.499,61.753
2020-12-11,364.900,366.740,363.260,366.140,57698614,5.147,60.330
2020-12-14,368.640,369.800,364.470,364.900,69216174,4.714,57.890
2020-12-15,367.400,369.590,365.920,369.560,64071099,4.692,63.813
2020-12-16,369.820,371.160,368.868,370.060,58420517,4.662,64.392
2020-12-17,371.940,372.460,371.050,372.190,64119472,4.755,66.826
2020-12-18,370.970,371.150,367.020,369.150,136543304,4.531,60.473
2020-12-21,364.970,378.460,362.030,367.650,96386745,4.184,57.564
2020-12-22,368.210,368.332,366.030,367.300,48388462,3.837,56.877
2020-12-23,368.280,369.620,367.217,367.490,46201402,3.537,57.176
2020-12-24,368.080,369.030,367.450,369.030,26457853,3.384,59.619
2020-12-28,371.740,372.590,371.070,372.220,39000402,3.480,64.179
2020-12-29,373.810,374.000,370.830,371.620,53677551,3.467,62.744
2020-12-30,372.340,373.100,371.570,372.030,49455259,3.451,63.347
2020-12-31,371.780,374.660,371.232,374.250,78580702,3.576,66.508
2021-01-04,375.310,375.450,364.820,368.970,110210840,3.212,54.474
2021-01-05,368.100,372.500,368.050,371.400,66431029,3.084,58.221
2021-01-06,369.710,376.980,369.120,373.410,107997675,3.109,61.074
2021-01-07,376.100,379.900,375.910,379.130,68770412,3.549,67.812
2021-01-08,380.590,381.490,377.100,381.290,71677208,4.026,69.929
2021-01-11,377.850,380.580,377.719,378.700,51176719,4.147,64.455
2021-01-12,378.890,379.860,376.360,378.660,52547716,4.192,64.372
2021-01-13,378.690,380.860,377.850,379.700,45510619,4.262,65.623
2021-01-14,380.590,381.130,378.100,378.580,49989116,4.179,63.054
2021-01-15,376.720,377.580,373.700,375.670,107559962,3.834,56.830
2021-01-19,378.350,379.230,376.750,378.640,51233300,3.757,61.056
2021-01-20,381.110,384.790,380.690,383.800,61836062,4.065,67.084
2021-01-21,384.490,384.950,383.250,384.150,47956109,4.289,67.452
2021-01-22,382.250,384.126,381.835,382.820,52136931,4.309,64.500
2021-01-25,383.670,384.770,378.460,384.540,70401971,4.413,66.539
2021-01-26,385.410,385.850,383.540,383.750,42665281,4.381,64.701
2021-01-27,380.220,380.320,372.010,374.650,123351578,3.580,48.188
2021-01-28,376.360,381.930,375.890,377.520,94198104,3.140,52.321
2021-01-29,375.630,376.670,368.270,370.140,126760121,2.172,42.855
2021-02-01,373.720,377.340,370.376,376.020,75817597,1.857,50.534
2021-02-02,379.650,383.220,376.318,381.250,64450662,2.006,56.175
2021-02-03,382.435,383.700,380.480,381.840,52427090,2.148,56.774
2021-02-04,382.960,386.240,381.966,386.110,47142555,2.575,60.935
2021-02-05,388.190,388.470,386.144,387.630,48665274,3.001,62.325
2021-02-08,389.270,390.560,388.350,390.520,38365185,3.531,64.884
2021-02-09,389.610,390.890,389.170,390.310,35551059,3.890,64.541
2021-02-10,392.120,392.280,387.500,390.170,59154371,4.115,64.297
2021-02-11,391.240,391.690,388.100,390.710,42913288,4.288,64.849
2021-02-12,389.850,392.900,389.770,392.730,50593270,4.536,66.910
2021-02-16,393.960,394.170,391.530,392.380,50972366,4.650,66.186
2021-02-17,390.420,392.660,389.330,392.450,52806681,4.692,66.265
2021-02-18,389.590,391.515,387.740,390.820,59712773,4.542,62.613
2021-02-19,392.070,392.380,389.550,390.050,83340971,4.311,60.905
2021-02-22,387.060,389.620,386.740,387.080,67409670,3.844,54.708
2021-02-23,384.660,388.945,380.200,387.520,107284127,3.469,55.431
2021-02-24,386.330,392.230,385.270,391.840,72433946,3.481,61.872
2021-02-25,390.410,391.880,380.779,382.370,146670499,2.695,46.133
2021-02-26,384.350,385.580,378.230,380.010,152701639,1.860,43.185
2021-03-01,385.590,390.920,380.572,389.430,105348798,1.936,55.429
2021-03-02,389.820,390.070,386.000,386.560,79595332,1.745,51.768
2021-03-03,385.790,386.830,381.310,381.400,119940211,1.163,45.900
2021-03-04,381.220,384.000,371.880,376.680,183435020,0.318,41.288
2021-03-05,380.460,384.760,372.640,383.560,152039624,0.201,49.286
2021-03-08,384.660,387.680,381.420,381.720,123144245,-0.040,47.425
2021-03-09,385.850,389.910,381.730,387.130,113633556,0.204,53.039
2021-03-10,389.690,391.400,388.170,389.390,109899410,0.572,55.191
2021-03-11,392.230,395.650,391.740,393.460,86245040,1.179,58.849
2021-03-12,392.070,394.210,391.200,394.000,64653565,1.684,59.323
2021-03-15,394.330,396.685,392.030,396.480,73592302,2.259,61.518
2021-03-16,397.070,397.830,395.080,395.860,73729506,2.634,60.637
2021-03-17,394.530,398.120,393.300,397.210,97959265,3.005,61.916
2021-03-18,394.475,396.720,390.750,391.530,115605601,2.809,53.973
2021-03-19,389.880,391.569,387.150,389.570,113849490,2.467,51.517
2021-03-22,390.030,394.070,389.970,392.550,73778646,2.408,54.878
2021-03-23,391.910,393.460,388.660,389.630,90686552,2.102,51.137
2021-03-24,391.000,392.750,387.470,387.630,97585644,1.678,48.688
2021-03-25,385.980,390.550,383.900,389.720,116128622,1.494,51.312
2021-03-26,390.930,396.410,390.290,395.910,114409114,1.827,58.139
2021-03-29,394.400,396.750,392.810,395.760,108107626,2.054,57.927
2021-03-30,394.420,395.450,393.020,394.690,76262249,2.124,56.349
2021-03-31,395.340,398.000,395.310,396.330,112734221,2.285,58.227
2021-04-01,398.400,400.670,398.180,400.610,99125509,2.727,62.735
2021-04-05,403.460,406.940,403.380,406.360,91222387,3.501,67.767
2021-04-06,405.760,407.240,405.400,406.120,61719569,4.048,67.358
2021-04-07,405.940,406.960,405.450,406.590,55309797,4.468,67.768
2021-04-08,407.930,408.580,406.930,408.520,57215564,4.900,69.465
2021-04-09,408.390,411.670,408.260,411.490,60464243,5.419,71.914
2021-04-12,410.850,411.930,410.200,411.640,55013535,5.777,72.036
2021-04-13,411.530,413.529,411.120,412.860,53891575,6.088,73.062
2021-04-14,412.830,413.960,410.870,411.450,60173072,6.150,69.873
2021-04-15,413.740,416.160,413.690,415.870,57964604,6.482,73.742
2021-04-16,417.250,417.910,415.730,417.260,77586384,6.778,74.836
2021-04-19,416.260,416.740,413.790,415.210,75521875,6.770,70.190
2021-04-20,413.910,415.086,410.590,412.170,78664601,6.443,63.859
2021-04-21,411.510,416.290,411.360,416.070,64670528,6.425,67.864
2021-04-22,415.890,416.780,411.130,412.270,97166832,6.035,60.795
2021-04-23,412.870,418.250,412.790,416.740,73137609,6.017,65.365
2021-04-26,417.440,418.220,416.811,417.610,51824860,6.003,66.191
2021-04-27,417.930,418.140,416.300,417.520,50297139,5.917,66.016
2021-04-28,417.810,419.010,416.900,417.400,50692781,5.773,65.765
2021-04-29,420.320,420.720,416.440,420.060,76965583,5.806,68.606
2021-04-30,417.630,418.540,416.340,417.300,84731942,5.546,62.785
2021-05-03,419.430,419.840,417.665,418.200,67670957,5.351,63.862
2021-05-04,416.070,416.600,411.670,415.620,100024724,4.931,58.624
2021-05-05,417.380,417.630,414.940,415.750,59551464,4.556,58.808
2021-05-06,415.830,419.210,413.675,419.070,72531325,4.475,63.282
2021-05-07,419.890,422.815,419.160,422.120,67458109,4.604,66.844
2021-05-10,422.500,422.740,417.810,417.940,81130171,4.320,58.471
2021-05-11,413.100,415.270,410.060,414.210,116309041,3.750,52.188
2021-05-12,411.230,412.590,404.000,405.410,133912107,2.559,40.997
2021-05-13,407.070,412.350,407.020,410.280,102500575,1.985,47.683
2021-05-14,413.210,417.490,413.180,416.580,81582489,2.015,54.817
2021-05-17,415.390,416.390,413.360,415.480,65129221,1.928,53.446
2021-05-18,415.800,416.060,411.770,412.020,59810238,1.562,49.274
2021-05-19,406.920,411.050,405.330,410.780,106466952,1.158,47.833
2021-05-20,411.800,416.625,411.670,415.150,78022218,1.177,53.045
2021-05-21,416.870,418.200,414.450,414.980,76578662,1.165,52.824
2021-05-24,417.340,420.320,417.080,419.170,51376702,1.477,57.524
2021-05-25,420.330,420.710,417.620,418.330,57451396,1.637,56.312
2021-05-26,418.870,419.610,417.760,419.040,43088518,1.801,57.134
2021-05-27,420.170,420.720,418.985,419.180,56707677,1.920,57.304
2021-05-28,420.970,421.250,419.790,420.190,58529164,2.071,58.584
2021-06-01,422.570,422.720,419.200,419.670,54216625,2.125,57.627
2021-06-02,420.380,421.230,419.290,420.390,49095061,2.201,58.635
2021-06-03,417.850,419.990,416.280,418.830,58138763,2.110,55.550
2021-06-04,420.750,422.920,418.842,422.440,55938789,2.303,60.702
2021-06-07,422.590,422.780,421.190,422.260,51555032,2.414,60.327
2021-06-08,423.120,423.210,420.320,422.300,47134279,2.476,60.385
2021-06-09,423.180,423.260,421.410,421.670,48436141,2.447,58.909
2021-06-10,422.960,424.630,421.550,423.610,50792340,2.550,61.991
2021-06-11,424.200,424.430,422.820,424.310,45177862,2.658,63.068
2021-06-14,424.430,425.370,423.100,425.260,42223981,2.788,64.536
2021-06-15,425.420,425.460,423.540,424.480,51444670,2.796,62.345
2021-06-16,424.630,424.870,419.920,422.110,79926868,2.582,56.110
2021-06-17,421.670,423.020,419.320,421.970,90002891,2.373,55.755
2021-06-18,417.090,417.828,414.700,414.920,117958388,1.620,41.521
2021-06-21,416.800,421.060,415.930,420.860,72285460,1.485,52.520
2021-06-22,420.850,424.000,420.080,423.110,57214723,1.542,55.903
2021-06-23,423.190,424.050,422.510,422.600,48954895,1.529,54.947
2021-06-24,424.890,425.550,424.620,425.100,44763870,1.700,58.677
2021-06-25,425.900,427.094,425.550,426.610,57828107,1.936,60.788
2021-06-28,427.170,427.650,425.890,427.470,52952377,2.167,61.980
2021-06-29,427.880,428.560,427.130,427.700,35906775,2.341,62.310
2021-06-30,427.210,428.780,427.180,428.060,64702769,2.480,62.853
2021-07-01,428.870,430.600,428.800,430.430,52968992,2.750,66.297
2021-07-02,431.670,434.100,430.522,433.720,57503965,3.192,70.399
2021-07-06,433.780,434.010,430.010,432.930,68584408,3.439,68.251
2021-07-07,433.660,434.760,431.510,434.460,63291716,3.716,70.151
2021-07-08,428.780,431.730,427.520,430.920,97206464,3.607,61.048
2021-07-09,432.530,435.840,430.714,435.520,75668368,3.849,67.034
2021-07-12,435.430,437.350,434.970,437.080,52780900,4.118,68.786
2021-07-13,436.240,437.840,435.310,435.590,52381456,4.164,65.221
2021-07-14,437.400,437.920,434.910,436.240,63732468,4.203,66.048
2021-07-15,434.810,435.530,432.720,434.750,54666872,4.068,62.387
2021-07-16,436.010,436.060,430.920,431.340,75513766,3.643,54.888
2021-07-19,426.190,431.409,421.970,424.970,146479669,2.761,44.201
2021-07-20,425.680,432.420,424.830,431.060,98785587,2.524,53.519
2021-07-21,432.340,434.700,431.011,434.550,64359452,2.588,57.862
2021-07-22,434.740,435.720,433.690,435.460,47698959,2.682,58.939
2021-07-23,437.520,440.300,436.790,439.940,63444860,3.082,63.840
2021-07-26,439.310,441.030,439.260,441.020,43573646,3.446,64.927
2021-07-27,439.910,439.940,435.990,439.010,67308447,3.532,61.238
2021-07-28,439.680,440.300,437.310,438.830,51932566,3.544,60.904
2021-07-29,439.815,441.800,439.810,440.650,47064423,3.659,63.094
2021-07-30,437.910,440.060,437.770,438.510,68572375,3.537,58.915
2021-08-02,440.340,440.930,437.210,437.590,58330752,3.327,57.162
2021-08-03,438.440,441.280,436.100,441.150,57534514,3.409,61.888
2021-08-04,439.780,441.124,438.730,438.980,46469753,3.261,57.709
2021-08-05,440.220,441.850,439.880,441.760,38840294,3.329,61.313
2021-08-06,442.100,442.940,441.800,442.490,46862730,3.404,62.223
2021-08-09,442.460,442.795,441.310,442.130,40999037,3.394,61.455
2021-08-10,442.610,443.440,441.880,442.680,43176053,3.392,62.223
2021-08-11,443.820,443.882,442.620,443.780,43878658,3.439,63.776
2021-08-12,443.620,445.257,442.660,445.110,38915418,3.543,65.616
2021-08-13,445.590,445.940,445.070,445.920,39373657,3.649,66.725
2021-08-16,444.530,447.110,442.870,446.970,73751261,3.774,68.158
2021-08-17,444.240,444.960,440.850,444.040,92452576,3.595,60.346
2021-08-18,442.960,444.625,438.920,439.180,89016658,3.027,50.090
2021-08-19,436.270,441.140,436.120,439.860,92345277,2.601,51.336
2021-08-20,440.230,443.710,439.710,443.360,71733322,2.517,57.253
2021-08-23,445.160,448.230,443.435,447.260,54669373,2.733,62.695
2021-08-24,447.970,448.540,447.420,447.970,38729613,2.928,63.604
2021-08-25,448.170,449.457,447.770,448.910,40466079,3.123,64.825
2021-08-26,448.610,448.860,446.160,446.260,57535764,3.028,58.831
2021-08-27,447.120,450.650,447.060,450.250,76844604,3.238,64.199
2021-08-30,450.970,453.070,450.710,452.230,48272514,3.523,66.531
2021-08-31,452.130,452.490,450.920,451.560,59042672,3.653,64.988
2021-09-01,452.560,453.110,451.545,451.800,48436745,3.733,65.298
2021-09-02,453.320,454.050,451.910,453.190,42765216,3.863,67.117
2021-09-03,451.980,453.630,451.550,453.080,47167499,3.913,66.818
2021-09-07,452.710,452.810,450.742,451.460,51610671,3.777,62.417
2021-09-08,450.890,451.670,448.860,450.910,55762041,3.585,60.950
2021-09-09,450.700,452.570,448.720,448.980,57872931,3.239,55.975
2021-09-10,451.040,451.490,445.310,445.440,89700480,2.649,48.205
2021-09-13,448.640,448.920,444.110,446.580,83550986,2.247,50.584
2021-09-14,448.120,448.340,443.220,444.170,77873158,1.714,45.795
2021-09-15,444.620,448.410,443.440,447.880,78589104,1.574,53.148
2021-09-16,447.320,448.360,444.020,447.170,77743550,1.389,51.703
2021-09-17,444.920,445.370,441.020,441.400,118337974,0.768,41.762
2021-09-20,434.880,436.560,428.860,434.040,165901533,-0.315,33.036
2021-09-21,436.530,437.910,433.070,433.630,92477763,-1.192,32.627
2021-09-22,436.050,440.030,433.747,437.860,101685345,-1.528,40.773
2021-09-23,439.850,444.890,439.600,443.180,75697329,-1.350,49.108
2021-09-24,441.440,444.670,441.210,443.910,61860900,-1.136,50.145
2021-09-27,442.810,444.050,441.900,442.640,61112238,-1.058,48.301
2021-09-28,439.690,440.040,432.940,433.720,129823873,-1.695,37.792
2021-09-29,435.190,437.040,433.850,434.450,81463936,-2.117,38.962
2021-09-30,436.020,436.770,428.780,429.140,138608444,-2.848,33.958
2021-10-01,430.980,436.033,427.240,434.240,128881427,-2.980,41.703
2021-10-04,433.000,433.960,426.360,428.640,127412153,-3.497,36.624
2021-10-05,430.240,435.490,429.390,433.100,90354358,-3.506,42.618
2021-10-06,429.270,435.120,427.540,434.900,111692942,-3.330,44.884
2021-10-07,438.390,441.680,438.200,438.660,72156521,-2.854,49.380
2021-10-08,439.480,439.890,437.190,437.860,74044017,-2.512,48.474
2021-10-11,437.160,440.260,434.620,434.690,64739711,-2.469,44.954
2021-10-12,435.670,436.100,432.780,433.620,70277017,-2.492,43.798
2021-10-13,434.710,436.050,431.540,435.180,72061830,-2.358,45.979
2021-10-14,439.080,442.660,438.580,442.500,69791487,-1.641,54.837
2021-10-15,444.750,446.260,444.090,445.870,65494612,-0.793,58.232
2021-10-18,443.970,447.550,443.270,447.190,60874661,-0.013,59.516
2021-10-19,448.920,450.700,448.270,450.640,46148147,0.873,62.740
2021-10-20,451.130,452.732,451.010,452.410,48861693,1.698,64.310
2021-10-21,451.770,453.829,451.310,453.590,40711481,2.420,65.358
2021-10-22,453.130,454.670,451.050,453.120,57592817,2.920,64.545
2021-10-25,454.280,455.900,452.390,455.550,44443003,3.472,66.842
2021-10-26,457.200,458.490,455.560,455.960,55116672,3.898,67.228
2021-10-27,456.450,457.160,453.860,453.940,71366673,4.026,63.319
2021-10-28,455.460,458.400,455.450,458.320,50708107,4.430,67.704
2021-10-29,455.870,459.560,455.560,459.250,69087603,4.770,68.563
2021-11-01,460.300,460.702,458.200,460.040,47634255,5.046,69.310
2021-11-02,460.220,462.230,460.080,461.900,48748307,5.352,71.054
2021-11-03,461.300,465.150,460.830,464.720,52413852,5.756,73.511
2021-11-04,465.360,467.000,464.990,466.910,52840344,6.182,75.267
2021-11-05,469.280,470.650,466.920,468.530,66356269,6.574,76.508
2021-11-08,469.700,470.230,468.203,468.930,50341861,6.838,76.817
2021-11-09,469.320,469.570,465.880,467.380,50887844,6.844,72.817
2021-11-10,465.580,467.380,462.040,463.620,69275988,6.470,64.098
2021-11-11,465.210,465.290,463.750,463.770,34844670,6.116,64.282
2021-11-12,465.130,467.860,464.110,467.270,53334930,6.048,68.352
2021-11-15,468.640,468.810,466.230,467.430,46854294,5.938,68.528
2021-11-16,467.150,470.485,467.070,469.280,48788475,5.932,70.573
2021-11-17,469.000,469.190,467.480,468.140,47810502,5.769,67.656
2021-11-18,469.240,470.010,466.340,469.730,50487933,5.702,69.547
2021-11-19,469.610,470.940,468.500,468.890,57143496,5.518,67.309
2021-11-22,470.890,473.540,467.350,467.570,72727943,5.205,63.832
2021-11-23,467.220,469.095,464.450,468.190,73011018,4.950,64.753
2021-11-24,466.060,469.570,465.190,469.440,61428875,4.794,66.599
2021-11-26,462.340,463.900,457.770,458.970,112447527,3.782,45.229
2021-11-29,464.070,466.560,461.730,464.600,86160517,3.395,53.812
2021-11-30,462.000,464.030,455.300,455.560,148106458,2.332,42.339
2021-12-01,461.640,464.670,450.290,450.500,131947695,1.068,37.518
2021-12-02,450.730,459.070,450.310,457.400,127126427,0.617,46.470
2021-12-03,459.170,460.300,448.920,453.420,136958973,-0.061,42.672
2021-12-06,456.130,460.790,453.560,458.790,98342502,-0.163,48.757
2021-12-07,464.410,468.880,458.655,468.280,95227392,0.515,57.369
2021-12-08,468.700,470.000,466.830,469.520,72149262,1.140,58.354
2021-12-09,468.150,469.629,466.140,466.350,60754098,1.364,54.864
2021-12-10,469.230,470.900,466.510,470.740,76948117,1.874,58.560
2021-12-13,470.190,470.560,466.270,466.590,87588564,1.921,54.054
2021-12-14,463.090,465.740,460.250,463.360,97038744,1.678,50.779
2021-12-15,463.420,470.860,460.740,470.600,116594429,2.047,57.059
2021-12-16,472.570,472.870,464.800,466.450,116255867,1.981,52.893
2021-12-17,461.550,464.740,458.060,459.870,135375240,1.382,47.030
2021-12-20,454.480,455.400,451.140,454.980,104202382,0.507,43.198
2021-12-21,458.610,463.210,456.310,463.060,69617910,0.460,50.391
2021-12-22,462.790,467.810,462.580,467.690,58717666,0.787,53.987
2021-12-23,468.750,472.190,468.640,470.600,56225580,1.267,56.139
2021-12-27,472.060,477.310,472.010,477.260,56689618,2.159,60.672
2021-12-28,477.720,478.810,476.060,476.870,47190464,2.803,60.279
2021-12-29,476.980,478.560,475.920,477.480,54405126,3.324,60.708
2021-12-30,477.930,479.000,475.670,476.160,55320886,3.589,59.219
2021-12-31,475.640,476.860,474.670,474.960,65204777,3.660,57.830
2022-01-03,476.300,477.850,473.850,477.710,72604064,3.893,60.137
2022-01-04,479.220,479.980,475.580,477.550,71129958,4.019,59.932
2022-01-05,477.160,477.980,468.290,468.380,102085598,3.340,49.496
2022-01-06,467.890,470.820,465.430,467.940,86499197,2.735,49.054
2022-01-07,467.950,469.200,464.650,466.090,84895774,2.082,47.150
2022-01-10,462.700,465.740,456.597,465.510,118474538,1.501,46.541
2022-01-11,465.240,469.850,462.050,469.730,74303062,1.365,51.460
2022-01-12,471.590,473.200,468.940,471.020,67555928,1.346,52.887
2022-01-13,472.190,472.880,463.440,464.530,90905992,0.798,45.620
2022-01-14,461.190,465.090,459.900,464.720,95697800,0.374,45.854
2022-01-18,459.740,459.960,455.310,456.490,109577757,-0.618,38.173
2022-01-19,458.130,459.612,451.460,451.750,109067113,-1.767,34.580
2022-01-20,453.750,458.740,444.500,446.750,121602450,-3.046,31.240
2022-01-21,445.560,448.060,437.950,437.980,201250939,-4.712,26.419
2022-01-24,432.030,440.380,420.760,439.840,246845274,-5.816,28.924
2022-01-25,433.060,439.720,427.150,434.470,167727360,-7.043,26.156
2022-01-26,440.720,444.040,428.860,433.380,182006412,-8.011,25.620
2022-01-27,438.260,441.580,429.450,431.240,149149566,-8.849,24.556
2022-01-28,432.708,442.000,427.820,441.950,163986462,-8.550,38.354
2022-01-31,441.240,450.280,439.810,449.910,151973024,-7.583,46.227
2022-02-01,450.680,453.630,446.938,452.950,122606343,-6.497,48.910
2022-02-02,455.500,458.120,453.050,457.350,117102402,-5.221,52.597
2022-02-03,450.950,452.970,445.710,446.600,117667291,-5.019,44.204
2022-02-04,446.350,452.780,443.830,448.700,118023787,-4.636,46.016
2022-02-07,449.480,450.990,445.850,447.260,84270813,-4.399,44.938
2022-02-08,446.730,451.920,445.220,450.940,80723593,-3.869,48.273
2022-02-09,455.220,457.880,455.005,457.540,90009196,-2.883,53.690
2022-02-10,451.340,457.710,447.200,449.320,136432972,-2.733,47.077
2022-02-11,449.410,451.605,438.940,440.460,147819171,-3.292,41.189
2022-02-14,439.920,441.600,435.340,439.020,116782833,-3.807,40.306
2022-02-15,443.730,446.280,443.180,446.100,86213213,-3.602,46.388
2022-02-16,443.930,448.055,441.940,446.600,80837453,-3.361,46.800
2022-02-17,443.220,446.565,436.420,437.060,96695524,-3.894,40.415
2022-02-18,437.330,438.660,431.820,434.230,127539625,-4.494,38.727
2022-02-22,431.890,435.500,425.860,429.570,120256654,-5.284,36.057
2022-02-23,432.660,433.260,421.350,422.070,133050158,-6.441,32.207
2022-02-24,411.020,428.760,410.640,427.990,213970854,-6.802,37.848
2022-02-25,429.610,437.840,427.860,437.750,116910365,-6.229,45.847
2022-02-28,432.030,438.200,430.700,436.630,139630286,-5.798,45.129
2022-03-01,435.040,437.170,427.210,429.980,132591866,-5.925,41.022
2022-03-02,432.370,439.720,431.570,437.890,112957076,-5.326,47.180
2022-03-03,440.470,441.110,433.800,435.710,99533365,-4.970,45.762
2022-03-04,431.750,433.370,427.880,432.170,108862783,-4.916,43.477
2022-03-07,431.550,432.302,419.360,419.430,131006026,-5.835,36.427
2022-03-08,419.600,427.210,415.120,416.250,158889879,-6.742,34.905
2022-03-09,425.140,429.510,422.830,427.410,110176599,-6.485,43.780
2022-03-10,422.520,426.430,420.440,425.480,91933614,-6.364,42.696
2022-03-11,428.120,428.770,419.530,420.070,90832525,-6.628,39.726
2022-03-14,420.890,424.550,415.790,417.000,90824491,-7.005,38.107
2022-03-15,419.770,426.840,418.420,426.170,103609612,-6.488,45.283
2022-03-16,429.890,435.680,424.800,435.620,138027168,-5.256,51.521
2022-03-17,433.590,441.070,433.190,441.070,100056509,-3.796,54.726
2022-03-18,438.000,444.860,437.220,444.520,102315262,-2.333,56.679
2022-03-21,444.340,446.460,440.680,444.390,85377970,-1.171,56.580
2022-03-22,445.860,450.580,445.860,449.590,73300801,0.168,59.620
2022-03-23,446.910,448.490,443.710,443.800,77982264,0.753,55.003
2022-03-24,445.940,450.500,444.760,450.490,61409702,1.736,58.958
2022-03-25,451.160,452.980,448.430,452.690,76545292,2.662,60.196
2022-03-28,452.060,455.910,450.060,455.840,131687956,3.609,61.967
2022-03-29,460.020,462.070,457.180,461.530,173082835,4.763,64.995
2022-03-30,460.340,461.195,456.465,458.790,159109186,5.395,62.418
2022-03-31,457.890,458.760,451.160,451.640,119151277,5.258,56.159
2022-04-01,453.310,453.460,449.140,452.920,88675787,5.193,56.991
2022-04-04,453.130,456.910,452.260,456.800,59413904,5.392,59.498
2022-04-05,455.220,457.830,449.820,451.030,73968352,5.026,54.417
2022-04-06,446.890,448.930,443.470,446.520,104761415,4.323,50.768
2022-04-07,445.590,450.690,443.530,448.770,75825725,3.902,52.480
2022-04-08,447.970,450.630,445.940,447.570,78005513,3.432,51.452
2022-04-11,444.110,445.000,439.390,439.920,89305237,2.414,45.355
2022-04-12,443.080,445.750,436.650,438.290,83953693,1.460,44.154
2022-04-13,438.030,444.100,437.840,443.310,73471758,1.095,48.662
2022-04-14,443.862,444.730,437.680,437.790,97657351,0.357,44.416
2022-04-18,436.810,439.750,435.610,437.970,65714873,-0.211,44.586
2022-04-19,437.860,445.800,437.680,445.040,77643595,-0.090,50.926
2022-04-20,446.920,447.570,443.480,444.710,64714530,-0.020,50.635
2022-04-21,448.540,450.010,437.100,438.060,84866280,-0.496,45.045
2022-04-22,436.910,438.082,425.440,426.040,132020752,-1.821,37.077
2022-04-25,423.670,428.690,418.840,428.510,118808140,-2.642,39.447
2022-04-26,425.830,426.040,416.070,416.100,101068359,-4.245,32.768
2022-04-27,417.240,422.920,415.010,417.270,119880232,-5.360,33.905
2022-04-28,422.290,429.640,417.600,427.810,104583969,-5.331,43.215
2022-04-29,423.590,425.870,411.210,412.000,144714757,-6.509,35.204
2022-05-02,412.070,415.920,405.020,414.480,157215637,-7.159,37.172
2022-05-03,415.010,418.930,413.360,416.380,99351794,-7.436,38.707
2022-05-04,417.080,429.660,413.710,429.060,142120643,-6.557,47.865
2022-05-05,424.530,425.000,409.440,413.810,171085431,-7.009,40.104
2022-05-06,411.100,414.800,405.730,411.340,150826495,-7.481,39.001
2022-05-09,405.100,406.410,396.500,398.170,151186726,-8.816,33.682
2022-05-10,404.490,406.080,394.820,399.090,131470747,-9.688,34.356
2022-05-11,398.070,404.040,391.960,392.750,140987310,-10.767,31.948
2022-05-12,389.370,395.800,385.150,392.340,124141173,-11.522,31.792
2022-05-13,396.710,403.180,395.610,401.720,101432023,-11.234,39.083
2022-05-16,399.980,403.970,397.600,400.090,77951071,-11.011,38.316
2022-05-17,406.530,408.550,402.582,408.320,80161929,-10.053,44.260
2022-05-18,403.500,403.800,390.550,391.860,112772898,-10.502,36.653
2022-05-19,388.620,394.140,387.110,389.460,97539566,-10.925,35.690
2022-05-20,393.250,397.030,380.540,389.630,128945686,-11.119,35.819
2022-05-23,392.830,397.730,390.380,396.920,74972869,-10.562,41.247
2022-05-24,392.560,395.150,386.960,393.890,90663762,-10.247,39.742
2022-05-25,392.310,399.450,391.890,397.370,90520905,-9.606,42.343
2022-05-26,398.670,407.040,398.450,405.310,81867461,-8.361,47.872
2022-05-27,407.910,415.380,407.700,415.260,84345150,-6.497,53.846
2022-05-31,413.550,416.460,410.030,412.930,94447950,-5.148,52.333
2022-06-01,415.170,416.240,406.930,409.590,85820291,-4.299,50.159
2022-06-02,409.420,417.440,407.040,417.340,78866434,-2.966,54.847
2022-06-03,412.380,414.040,409.510,410.540,68321202,-2.431,50.370
2022-06-06,414.780,416.609,410.552,411.790,56893593,-1.884,51.159
2022-06-07,408.100,416.220,407.610,415.740,57784776,-1.119,53.667
2022-06-08,413.930,415.820,410.380,411.220,64087538,-0.867,50.473
2022-06-09,409.340,411.740,401.440,401.440,85991523,-1.441,44.327
2022-06-10,394.880,395.778,389.750,389.800,132260189,-2.802,38.343
2022-06-13,379.850,381.810,373.300,375.000,167727665,-5.017,32.360
2022-06-14,376.850,377.940,370.590,373.870,103637454,-6.786,31.951
2022-06-15,377.360,383.900,372.120,379.200,121030433,-7.669,36.064
2022-06-16,370.510,370.940,364.080,366.650,133860380,-9.274,31.271
2022-06-17,365.510,369.380,362.170,365.860,108646124,-10.490,30.992
2022-06-21,371.840,376.525,371.810,375.070,76402512,-10.587,37.948
2022-06-22,370.620,378.720,370.180,374.390,89590834,-10.598,37.647
2022-06-23,376.640,378.830,372.890,378.060,78067674,-10.192,40.401
2022-06-24,381.400,390.080,381.365,390.080,93236664,-8.800,48.436
2022-06-27,391.050,391.360,387.440,388.590,65552350,-7.727,47.579
2022-06-28,390.230,393.160,380.530,380.650,86220310,-7.432,43.197
2022-06-29,381.230,382.270,378.420,380.340,64276557,-7.141,43.030
2022-06-30,376.240,380.658,372.560,377.250,111478019,-7.078,41.319
2022-07-01,376.560,381.700,373.800,381.240,74084447,-6.630,44.394
2022-07-05,375.880,381.980,372.900,381.960,79886359,-6.146,44.955
2022-07-06,382.110,385.870,379.600,383.250,69842806,-5.593,46.005
2022-07-07,385.120,389.830,383.267,388.990,64172156,-4.639,50.528
2022-07-08,387.270,390.640,385.660,388.670,71954884,-3.864,50.275
2022-07-11,385.850,386.870,383.500,384.230,57305434,-3.567,46.777
2022-07-12,383.650,386.160,378.990,380.830,61996427,-3.565,44.239
2022-07-13,375.100,381.920,374.658,378.830,83568542,-3.682,42.769
2022-07-14,373.610,379.050,371.040,377.910,89124659,-3.805,42.077
2022-07-15,382.550,385.250,380.540,385.130,78742871,-3.282,49.050
2022-07-18,388.380,389.090,380.660,381.950,62864897,-3.089,46.400
2022-07-19,386.080,392.870,385.400,392.270,78159593,-2.079,54.913
2022-07-20,392.470,396.260,391.030,394.770,70075073,-1.065,56.706
2022-07-21,394.160,398.840,391.630,398.790,63527356,0.063,59.497
2022-07-22,398.920,400.180,392.750,395.090,71730285,0.650,55.924
2022-07-25,395.750,396.470,393.210,395.570,53336510,1.141,56.291
2022-07-26,393.840,394.060,389.950,390.890,52767480,1.140,51.769
2022-07-27,394.360,402.880,394.050,401.040,81319074,1.935,59.389
2022-07-28,401.890,406.800,398.150,406.040,73966563,2.935,62.529
2022-07-29,407.580,413.020,406.770,411.990,86779944,4.160,65.908
2022-08-01,409.150,413.410,408.400,410.770,69633616,4.975,64.621
2022-08-02,409.120,413.000,406.820,408.060,63113622,5.340,61.738
2022-08-03,410.300,415.680,410.000,414.450,67573063,6.076,65.632
2022-08-04,414.370,415.090,412.440,414.170,45565581,6.560,65.318
2022-08-05,409.660,414.150,409.600,413.470,56751151,6.809,64.489
2022-08-08,415.250,417.620,411.830,412.990,53867272,6.888,63.889
2022-08-09,412.220,412.750,410.220,411.350,44110509,6.741,61.777
2022-08-10,418.780,420.140,416.720,419.990,68139304,7.238,67.815
2022-08-11,422.990,424.950,419.210,419.990,59337460,7.545,67.815
2022-08-12,422.030,427.210,421.030,427.100,61456095,8.267,72.031
2022-08-15,424.765,429.410,424.710,428.860,53978293,8.878,72.975
2022-08-16,427.730,431.730,426.880,429.700,59118566,9.323,73.436
2022-08-17,425.910,429.500,424.540,426.650,63266564,9.322,68.846
2022-08-18,426.860,428.610,425.500,427.890,47948507,9.314,69.676
2022-08-19,425.010,425.260,421.220,422.140,67861630,8.743,61.496
2022-08-22,417.050,417.230,412.400,413.350,77604197,7.495,51.536
2022-08-23,412.900,415.420,411.770,412.350,48952606,6.352,50.533
2022-08-24,412.110,415.110,411.390,413.670,48983049,5.489,51.864
2022-08-25,415.230,419.560,414.090,419.510,48816114,5.216,57.336
2022-08-26,419.390,419.960,405.250,405.310,102743389,3.810,44.185
2022-08-29,402.200,405.840,401.200,402.630,65225959,2.452,42.216
2022-08-30,403.850,404.100,396.000,398.210,85326406,1.007,39.121
2022-08-31,399.930,401.240,395.040,395.180,75597377,-0.378,37.113
2022-09-01,392.890,396.780,390.040,396.420,78315802,-1.361,38.504
2022-09-02,400.280,401.555,390.330,392.240,98944421,-2.448,35.641
2022-09-06,393.130,394.120,388.420,390.760,75551777,-3.390,34.659
2022-09-07,390.430,398.590,390.200,397.780,70572980,-3.530,42.725
2022-09-08,395.390,400.860,394.120,400.380,80177250,-3.391,45.413
2022-09-09,402.740,407.510,402.460,406.600,76514124,-2.748,51.301
2022-09-12,408.780,411.730,408.460,410.970,68747117,-1.864,54.975
2022-09-13,401.830,403.100,391.920,393.100,122318529,-2.576,41.264
2022-09-14,394.470,396.200,391.120,394.600,84570857,-2.985,42.559
2022-09-15,392.960,395.960,388.780,390.120,87043825,-3.628,39.741
2022-09-16,384.140,386.250,382.110,385.560,102473759,-4.455,37.051
2022-09-19,382.260,388.550,382.178,388.550,72766494,-4.813,39.922
2022-09-20,385.060,386.120,381.195,384.090,76685764,-5.395,37.197
2022-09-21,386.110,389.310,377.380,377.390,104302139,-6.324,33.498
2022-09-22,376.580,378.300,373.440,374.220,88922900,-7.232,31.882
2022-09-23,370.580,370.620,363.290,367.950,121574096,-8.362,28.912
2022-09-26,366.410,370.210,363.030,364.310,91731346,-9.442,27.321
2022-09-27,368.020,370.400,360.870,363.380,105884493,-10.254,26.913
2022-09-28,364.380,372.300,362.600,370.530,109578062,-10.204,34.948
2022-09-29,366.810,367.110,359.700,362.790,112068880,-10.665,30.978
2022-09-30,361.800,365.910,357.040,357.180,152567865,-11.353,28.455
2022-10-03,361.080,368.550,359.210,366.610,89052594,-11.010,37.648
2022-10-04,372.400,378.000,366.568,377.970,102736573,-9.710,46.557
2022-10-05,373.390,379.460,370.950,377.090,87641027,-8.651,46.009
2022-10-06,375.620,378.720,372.680,373.200,81289636,-8.033,43.566
2022-10-07,368.970,373.293,360.940,362.790,107239188,-8.287,37.784
2022-10-10,363.960,364.210,357.670,360.020,75459157,-8.613,36.399
2022-10-11,358.231,363.030,355.710,357.740,91448816,-8.952,35.255
2022-10-12,358.170,359.818,356.300,356.560,76538522,-9.210,34.647
2022-10-13,349.205,367.510,348.110,365.970,145171940,-8.556,43.071
2022-10-14,368.550,370.260,356.960,357.630,122920585,-8.612,38.352
2022-10-17,364.010,367.980,357.281,366.820,92765345,-7.825,45.445
2022-10-18,375.130,375.450,367.520,371.130,96898206,-6.774,48.441
2022-10-19,368.990,371.850,365.550,368.500,79481512,-6.084,46.753
2022-10-20,368.030,372.670,364.610,365.410,87963935,-5.721,44.780
2022-10-21,365.120,374.800,363.540,374.290,130542269,-4.662,51.160
2022-10-24,375.890,380.060,373.110,378.870,85131661,-3.415,54.105
2022-10-25,378.790,385.250,378.671,384.920,78656471,-1.916,57.731
2022-10-26,381.620,387.580,381.350,382.020,103779972,-0.951,55.469
2022-10-27,383.070,385.000,379.330,379.980,81650038,-0.347,53.870
2022-10-28,379.870,389.520,379.680,389.020,100160252,0.852,59.449
2022-10-31,386.440,388.400,385.260,386.210,94154112,1.557,57.136
2022-11-01,390.140,390.390,383.290,384.520,83777606,1.957,55.731
2022-11-02,383.900,388.620,374.760,374.870,123496452,1.478,48.413
2022-11-03,371.465,374.200,368.790,371.010,85657400,0.778,45.821
2022-11-04,377.000,378.870,370.000,376.350,103253613,0.647,49.823
2022-11-07,377.710,380.570,375.530,379.950,68127819,0.824,52.377
2022-11-08,381.110,385.120,377.720,382.000,84098301,1.117,53.819
2022-11-09,379.930,381.140,373.610,374.130,77996412,0.705,47.833
2022-11-10,388.050,395.040,385.642,394.690,140583569,2.015,60.267
2022-11-11,395.590,399.350,393.610,398.510,93424999,3.323,62.075
2022-11-14,396.660,400.180,394.830,395.120,71676295,4.040,59.487
2022-11-15,401.150,402.310,394.490,398.490,92409003,4.824,61.218
2022-11-16,396.780,397.780,394.790,395.450,67912256,5.141,58.779
2022-11-17,390.460,394.950,390.140,394.240,74165955,5.234,57.791
2022-11-18,397.740,397.810,393.040,396.030,92449201,5.390,58.891
2022-11-21,394.640,395.820,392.680,394.590,51075316,5.337,57.591
2022-11-22,396.630,400.070,395.153,399.900,60208967,5.657,61.010
2022-11-23,399.550,402.930,399.310,402.420,67901797,6.045,62.552
2022-11-25,401.830,402.910,401.535,402.330,30529502,6.272,62.457
2022-11-28,399.090,400.810,395.110,395.910,67918195,5.867,55.929
2022-11-29,396.050,397.300,393.300,395.230,52230414,5.428,55.270
2022-11-30,395.490,407.680,393.480,407.680,140947055,6.016,63.703
2022-12-01,408.770,410.000,404.750,407.380,76270288,6.384,63.392
2022-12-02,402.250,407.860,402.140,406.910,85175880,6.562,62.876
2022-12-05,403.950,404.930,398.170,399.590,77194567,6.043,55.317
2022-12-06,399.420,399.990,391.640,393.830,77893729,5.108,50.203
2022-12-07,392.940,395.640,391.970,393.160,65695997,4.263,49.628
2022-12-08,395.140,397.360,393.268,396.240,60665241,3.799,52.330
2022-12-09,394.940,397.620,393.150,393.280,81417048,3.156,49.578
2022-12-12,394.110,398.950,393.412,398.950,75317792,3.068,54.513
2022-12-13,410.220,410.490,399.070,401.970,123026229,3.205,56.931
2022-12-14,401.610,405.500,396.310,399.400,105972841,3.071,54.286
2022-12-15,394.300,395.250,387.885,389.630,114610214,2.152,45.612
2022-12-16,385.180,386.575,381.040,383.270,119265226,0.900,41.017
2022-12-19,383.470,383.820,378.280,380.020,79845479,-0.351,38.862
2022-12-20,379.230,382.230,377.850,380.540,74331859,-1.285,39.411
2022-12-21,383.250,387.410,382.690,386.230,78096644,-1.548,45.203
2022-12-22,383.050,386.213,374.770,380.720,100004622,-2.177,41.105
2022-12-23,379.650,383.060,378.030,382.910,58757557,-2.470,43.305
2022-12-27,382.790,383.150,379.650,381.400,51494435,-2.791,42.136
2022-12-28,381.330,383.390,376.420,376.660,70660057,-3.390,38.613
2022-12-29,379.630,384.350,379.080,383.440,64517045,-3.279,45.617
2022-12-30,380.640,382.580,378.430,382.430,83474793,-3.235,44.797
2023-01-03,384.370,386.430,377.831,380.820,74330774,-3.293,43.456
2023-01-04,383.180,385.880,380.000,383.760,85425119,-3.066,46.600
2023-01-05,381.720,381.760,378.760,379.380,76079710,-3.202,42.784
2023-01-06,382.610,389.250,379.413,388.080,103741286,-2.579,51.312
2023-01-09,390.370,393.700,387.670,387.860,73999806,-2.079,51.105
2023-01-10,387.250,390.650,386.270,390.580,65367664,-1.446,53.602
2023-01-11,392.230,395.600,391.380,395.520,68906217,-0.540,57.816
2023-01-12,396.670,398.485,392.420,396.960,90153435,0.291,58.986
2023-01-13,393.620,399.100,393.340,398.500,63634516,1.062,60.255
2023-01-17,398.480,400.230,397.060,397.770,62485876,1.595,59.318
2023-01-18,399.010,400.120,391.280,391.490,99651010,1.494,51.849
2023-01-19,389.360,391.080,387.260,388.640,87066127,1.171,48.843
2023-01-20,390.100,396.040,388.380,395.880,91806356,1.481,55.846
2023-01-23,396.720,402.645,395.720,400.630,84187957,2.087,59.740
2023-01-24,398.880,401.150,397.640,400.200,59549719,2.503,59.230
2023-01-25,395.950,400.700,393.560,400.350,84826825,2.812,59.361
2023-01-26,403.130,404.920,400.030,404.750,72307597,3.374,63.083
2023-01-27,403.655,408.160,403.440,405.680,68346180,3.849,63.837
2023-01-30,402.800,405.130,400.280,400.590,74219199,3.772,56.978
2023-01-31,401.130,406.530,400.770,406.480,86836885,4.139,62.058
2023-02-01,405.211,413.670,402.350,410.800,101480517,4.723,65.295
2023-02-02,414.860,418.310,412.880,416.780,101669441,5.604,69.211
2023-02-03,411.590,416.970,411.090,412.350,94736781,5.877,63.495
2023-02-06,409.790,411.290,408.100,409.830,60311136,5.823,60.438
2023-02-07,408.870,416.490,407.570,415.190,91002120,6.142,64.368
2023-02-08,413.130,414.530,409.930,410.650,76239095,5.960,59.020
2023-02-09,414.410,414.570,405.810,407.090,78709874,5.465,55.150
2023-02-10,405.860,408.440,405.010,408.040,70769715,5.091,55.980
2023-02-13,408.720,412.970,408.240,412.830,64923047,5.122,59.997
2023-02-14,411.240,415.050,408.511,412.640,88412194,5.073,59.764
2023-02-15,410.350,414.060,409.470,413.980,61704828,5.083,60.916
2023-02-16,408.790,412.910,408.140,408.280,76448189,4.579,53.850
2023-02-17,406.060,407.510,404.050,407.260,89259121,4.050,52.672
2023-02-21,403.060,404.160,398.820,399.090,82677599,2.938,44.313
2023-02-22,399.520,401.130,397.020,398.540,83752369,1.989,43.809
2023-02-23,401.560,402.200,396.250,400.660,96255106,1.392,46.343
2023-02-24,395.420,397.250,393.640,396.380,108194413,0.567,42.205
2023-02-27,399.870,401.290,396.750,397.730,80458755,0.022,43.907
2023-02-28,397.230,399.280,396.150,396.260,96461172,-0.522,42.442
2023-03-01,395.410,396.690,393.380,394.740,99723518,-1.064,40.921
2023-03-02,392.680,398.690,392.330,397.810,85442636,-1.232,45.192
2023-03-03,399.710,404.450,399.030,404.190,90119952,-0.840,52.823
2023-03-06,405.050,407.450,404.010,404.470,72801949,-0.501,53.132
2023-03-07,404.420,404.670,397.625,398.270,108327251,-0.725,45.965
2023-03-08,398.390,399.710,396.590,398.920,74767148,-0.840,46.776
2023-03-09,399.740,401.480,390.530,391.560,111965492,-1.507,39.543
2023-03-10,390.990,393.160,384.320,385.910,189252996,-2.464,35.061
2023-03-13,381.810,390.390,380.650,385.360,157847796,-3.229,34.650
2023-03-14,390.500,393.450,387.050,391.730,149772836,-3.284,42.998
2023-03-15,385.890,389.490,383.710,389.280,173294525,-3.485,40.837
2023-03-16,386.820,396.470,386.290,396.110,143753940,-3.057,48.593
2023-03-17,393.220,394.400,388.550,389.990,139808159,-3.176,43.136
2023-03-20,390.800,394.170,390.070,393.740,93077851,-2.934,47.059
2023-03-21,397.240,399.410,395.580,398.910,91537353,-2.298,51.978
2023-03-22,398.730,402.490,392.070,392.110,111781863,-2.316,45.933
2023-03-23,395.090,399.290,390.350,393.170,119351319,-2.219,46.969
2023-03-24,391.841,395.840,389.400,395.750,107053295,-1.912,49.503
2023-03-27,398.120,398.920,395.560,396.490,74024860,-1.591,50.238
2023-03-28,395.770,396.490,393.690,395.600,62882493,-1.392,49.309
2023-03-29,399.925,401.600,398.680,401.350,77514212,-0.762,55.088
2023-03-30,404.090,404.350,401.760,403.700,69840049,-0.072,57.234
2023-03-31,404.660,409.700,404.550,409.390,108386077,0.923,61.972
2023-04-03,408.850,411.370,408.440,410.950,67426048,1.817,63.177
2023-04-04,411.620,411.920,407.240,408.670,66638607,2.315,60.177
2023-04-05,407.910,408.700,405.880,407.600,65221970,2.593,58.766
2023-04-06,406.770,409.480,405.678,409.190,63743345,2.908,60.257
2023-04-10,406.610,409.690,405.970,409.610,63693219,3.155,60.662
2023-04-11,410.260,411.180,408.920,409.720,59316777,3.322,60.774
2023-04-12,411.870,412.170,407.440,408.050,86440377,3.281,58.057
2023-04-13,409.180,413.840,407.992,413.470,85814754,3.645,63.726
2023-04-14,412.810,415.090,410.060,412.460,75973321,3.807,62.043
2023-04-17,412.370,413.960,411.085,413.940,66447057,4.009,63.561
2023-04-18,415.580,415.720,412.780,414.210,63567329,4.143,63.846
2023-04-19,412.220,415.080,412.160,414.140,55252464,4.195,63.707
2023-04-20,411.210,413.700,410.270,411.880,75839327,4.008,59.232
2023-04-21,412.190,412.680,410.170,412.200,72023892,3.841,59.664
2023-04-24,411.990,413.070,410.600,412.630,64341184,3.701,60.274
2023-04-25,410.580,411.160,406.020,406.080,97784465,3.027,48.306
2023-04-26,406.720,407.840,403.780,404.360,80954650,2.327,45.738
2023-04-27,407.000,412.690,406.740,412.410,92968169,2.394,57.205
2023-04-28,411.490,415.930,411.430,415.930,84857179,2.700,61.079
2023-05-01,415.470,417.620,415.265,415.510,62135864,2.875,60.376
2023-05-02,414.770,414.820,407.820,410.840,104017961,2.608,53.071
2023-05-03,411.360,413.870,407.770,408.020,91577386,2.143,49.199
2023-05-04,406.930,407.270,403.740,405.130,93756917,1.524,45.533
2023-05-05,408.910,413.720,408.640,412.630,84115258,1.620,54.921
2023-05-08,412.970,413.240,411.280,412.740,50053705,1.686,55.043
2023-05-09,411.130,412.090,410.689,410.930,49241788,1.574,52.517
2023-05-10,413.880,414.535,408.870,412.850,96156049,1.621,54.882
2023-05-11,411.950,412.430,409.970,412.130,70157064,1.582,53.800
2023-05-12,413.420,413.640,409.070,411.590,68745125,1.491,52.956
2023-05-15,412.220,413.430,410.230,413.010,54303416,1.515,54.956
2023-05-16,411.860,412.815,410.240,410.250,57718492,1.297,50.465
2023-05-17,412.350,415.855,410.635,415.230,87290569,1.508,57.254
2023-05-18,414.900,419.670,414.670,419.230,97177195,1.976,61.784
2023-05-19,420.170,420.720,417.350,418.620,100652205,2.271,60.727
2023-05-22,418.640,420.390,417.350,418.790,60762476,2.490,60.927
2023-05-23,417.080,418.722,413.680,414.090,86399260,2.259,52.884
2023-05-24,412.420,412.820,409.880,411.090,89259923,1.812,48.485
2023-05-25,414.740,416.160,412.410,414.650,90961506,1.725,53.435
2023-05-26,415.330,420.770,415.250,420.020,91809309,2.066,59.723
2023-05-30,422.030,422.580,418.735,420.180,72229001,2.322,59.897
2023-05-31,418.280,419.220,416.220,417.850,112750469,2.311,56.101
2023-06-01,418.090,422.920,416.790,421.820,88865018,2.592,60.674
2023-06-02,424.500,428.740,423.950,427.920,86490718,3.270,66.456
2023-06-05,428.280,429.670,426.370,427.100,70238989,3.698,65.071
2023-06-06,426.670,428.577,425.990,428.030,64029345,4.065,65.938
2023-06-07,428.440,429.620,426.110,426.550,85387805,4.189,63.247
2023-06-08,426.620,429.600,425.820,429.130,61952842,4.444,65.862
2023-06-09,429.960,431.990,428.870,429.900,84009754,4.654,66.626
2023-06-12,430.920,433.880,430.170,433.800,76272808,5.077,70.253
2023-06-13,435.320,437.330,434.630,436.660,95912772,5.579,72.605
2023-06-14,437.010,439.061,433.590,437.180,100625477,5.950,73.023
2023-06-15,436.330,443.900,436.230,442.600,110301302,6.605,76.964
2023-06-16,443.020,443.608,438.970,439.460,110461387,6.792,70.535
2023-06-20,437.450,438.370,435.030,437.180,76171495,6.680,66.209
2023-06-21,436.160,436.990,434.330,434.940,76991988,6.337,62.175
2023-06-22,433.950,436.620,433.600,436.510,70637175,6.122,63.838
2023-06-23,432.930,435.060,432.470,433.210,89196368,5.620,58.060
2023-06-26,432.620,434.610,431.190,431.440,72841401,5.021,55.175
2023-06-27,432.350,436.810,431.880,436.170,72839938,4.873,60.783
2023-06-28,435.050,437.440,434.410,436.390,75643527,4.718,61.027
2023-06-29,435.960,438.280,435.540,438.110,67882304,4.680,62.969
2023-06-30,441.440,444.300,441.110,443.280,99743609,5.010,68.111
2023-07-03,442.920,444.080,442.630,443.790,32793378,5.252,68.575
2023-07-05,441.910,443.889,441.900,443.130,58424857,5.329,67.213
2023-07-06,439.420,440.100,437.060,439.660,80658302,5.051,60.419
2023-07-07,438.630,442.640,438.300,438.550,85575882,4.688,58.386
2023-07-10,438.180,439.840,437.585,439.660,62463516,4.439,59.842
2023-07-11,440.450,442.970,439.440,442.460,64479814,4.416,63.326
2023-07-12,446.390,447.480,444.910,446.020,91949783,4.632,67.219
2023-07-13,447.900,450.380,447.450,449.560,72425241,5.030,70.566
2023-07-14,450.475,451.360,448.490,449.280,69730670,5.263,69.958
2023-07-17,449.130,451.930,449.080,450.840,52694540,5.510,71.435
2023-07-18,450.500,454.860,450.048,454.190,80767000,5.908,74.353
2023-07-19,455.010,456.430,454.112,455.200,65938895,6.233,75.176
2023-07-20,454.170,455.100,451.440,452.180,70586904,6.175,68.134
2023-07-21,453.960,454.165,452.170,452.180,69466529,6.060,68.134
2023-07-24,453.370,455.040,452.298,454.200,54037303,6.062,70.293
2023-07-25,453.920,456.735,453.870,455.440,55218342,6.093,71.566
2023-07-26,454.470,456.990,453.380,455.510,71066805,6.054,71.640
2023-07-27,459.020,459.440,451.550,452.490,92194375,5.713,63.921
2023-07-28,455.880,457.780,452.492,456.920,79583623,5.734,69.169
2023-07-31,457.410,458.160,456.045,457.790,62053644,5.755,70.089
2023-08-01,456.270,457.250,455.490,456.480,55524186,5.601,66.854
2023-08-02,453.250,453.520,449.350,450.130,93960368,4.910,53.872
2023-08-03,448.040,450.790,447.370,448.840,64419692,4.210,51.677
2023-08-04,450.720,452.895,446.270,446.810,99085571,3.451,48.339
2023-08-07,448.710,450.865,447.990,450.710,58364978,3.129,54.429
2023-08-08,448.080,450.695,445.271,448.750,71377093,2.684,51.165
2023-08-09,449.030,449.200,444.960,445.750,78805031,2.066,46.561
2023-08-10,448.190,451.700,444.700,445.910,93005595,1.571,46.836
2023-08-11,443.970,446.701,443.345,445.650,68249759,1.144,46.419
2023-08-14,444.700,448.110,444.380,448.110,47587360,0.993,50.881
2023-08-15,446.270,446.640,442.430,442.680,50001948,0.430,42.472
